-- phpMyAdmin SQL Dump
-- version 5.0.1
-- https://www.phpmyadmin.net/
--
-- Host: 127.0.0.1
-- Generation Time: Mar 27, 2020 at 09:14 PM
-- Server version: 10.4.11-MariaDB
-- PHP Version: 7.4.1

SET SQL_MODE = "NO_AUTO_VALUE_ON_ZERO";
SET AUTOCOMMIT = 0;
START TRANSACTION;
SET time_zone = "+00:00";


/*!40101 SET @OLD_CHARACTER_SET_CLIENT=@@CHARACTER_SET_CLIENT */;
/*!40101 SET @OLD_CHARACTER_SET_RESULTS=@@CHARACTER_SET_RESULTS */;
/*!40101 SET @OLD_COLLATION_CONNECTION=@@COLLATION_CONNECTION */;
/*!40101 SET NAMES utf8mb4 */;

--
-- Database: `project_a`
--

-- --------------------------------------------------------

--
-- Table structure for table `categories`
--

CREATE TABLE `categories` (
  `id` int(10) UNSIGNED NOT NULL,
  `name` varchar(255) COLLATE utf8mb4_unicode_ci NOT NULL,
  `slug` varchar(255) COLLATE utf8mb4_unicode_ci NOT NULL,
  `created_at` timestamp NULL DEFAULT NULL,
  `updated_at` timestamp NULL DEFAULT NULL
) ENGINE=InnoDB DEFAULT CHARSET=utf8mb4 COLLATE=utf8mb4_unicode_ci;

--
-- Dumping data for table `categories`
--

INSERT INTO `categories` (`id`, `name`, `slug`, `created_at`, `updated_at`) VALUES
(1, 'illo', 'illo', '2020-03-27 18:44:50', '2020-03-27 18:44:50'),
(2, 'eveniet', 'eveniet', '2020-03-27 18:44:50', '2020-03-27 18:44:50'),
(3, 'et', 'et', '2020-03-27 18:44:50', '2020-03-27 18:44:50'),
(4, 'et', 'et', '2020-03-27 18:44:50', '2020-03-27 18:44:50'),
(5, 'et', 'et', '2020-03-27 18:44:50', '2020-03-27 18:44:50'),
(6, 'illo', 'illo', '2020-03-27 18:44:50', '2020-03-27 18:44:50'),
(7, 'explicabo', 'explicabo', '2020-03-27 18:44:50', '2020-03-27 18:44:50'),
(8, 'totam', 'totam', '2020-03-27 18:44:50', '2020-03-27 18:44:50'),
(9, 'rerum', 'rerum', '2020-03-27 18:44:50', '2020-03-27 18:44:50'),
(10, 'deleniti', 'deleniti', '2020-03-27 18:44:50', '2020-03-27 18:44:50');

-- --------------------------------------------------------

--
-- Table structure for table `failed_jobs`
--

CREATE TABLE `failed_jobs` (
  `id` bigint(20) UNSIGNED NOT NULL,
  `connection` text COLLATE utf8mb4_unicode_ci NOT NULL,
  `queue` text COLLATE utf8mb4_unicode_ci NOT NULL,
  `payload` longtext COLLATE utf8mb4_unicode_ci NOT NULL,
  `exception` longtext COLLATE utf8mb4_unicode_ci NOT NULL,
  `failed_at` timestamp NOT NULL DEFAULT current_timestamp()
) ENGINE=InnoDB DEFAULT CHARSET=utf8mb4 COLLATE=utf8mb4_unicode_ci;

-- --------------------------------------------------------

--
-- Table structure for table `migrations`
--

CREATE TABLE `migrations` (
  `id` int(10) UNSIGNED NOT NULL,
  `migration` varchar(255) COLLATE utf8mb4_unicode_ci NOT NULL,
  `batch` int(11) NOT NULL
) ENGINE=InnoDB DEFAULT CHARSET=utf8mb4 COLLATE=utf8mb4_unicode_ci;

--
-- Dumping data for table `migrations`
--

INSERT INTO `migrations` (`id`, `migration`, `batch`) VALUES
(1, '2019_08_19_000000_create_failed_jobs_table', 1),
(2, '2020_03_15_000000_create_roles_table', 1),
(3, '2020_03_15_100000_create_users_table', 1),
(4, '2020_03_15_200000_create_categories_table', 1),
(5, '2020_03_15_300000_create_questions_table', 1),
(6, '2020_03_15_400000_create_replies_table', 1);

-- --------------------------------------------------------

--
-- Table structure for table `questions`
--

CREATE TABLE `questions` (
  `id` int(10) UNSIGNED NOT NULL,
  `title` varchar(255) COLLATE utf8mb4_unicode_ci NOT NULL,
  `slug` varchar(255) COLLATE utf8mb4_unicode_ci NOT NULL,
  `body` text COLLATE utf8mb4_unicode_ci NOT NULL,
  `category_id` int(10) UNSIGNED NOT NULL,
  `user_id` int(10) UNSIGNED NOT NULL,
  `created_at` timestamp NULL DEFAULT NULL,
  `updated_at` timestamp NULL DEFAULT NULL
) ENGINE=InnoDB DEFAULT CHARSET=utf8mb4 COLLATE=utf8mb4_unicode_ci;

--
-- Dumping data for table `questions`
--

INSERT INTO `questions` (`id`, `title`, `slug`, `body`, `category_id`, `user_id`, `created_at`, `updated_at`) VALUES
(1, 'Facere voluptates repellat sunt possimus odio eos.', 'facere-voluptates-repellat-sunt-possimus-odio-eos', 'Porro aliquam voluptas facilis impedit sit est. Iste saepe quo iure veritatis.', 7, 9, '2020-03-27 18:44:50', '2020-03-27 18:44:50'),
(2, 'Id quia voluptate ab magnam nulla ut.', 'id-quia-voluptate-ab-magnam-nulla-ut', 'Ut accusamus ipsam nihil facere molestiae voluptatem velit. Quibusdam quia et est. Non saepe dolore assumenda accusamus sint.', 8, 8, '2020-03-27 18:44:50', '2020-03-27 18:44:50'),
(3, 'Dolorem esse in amet.', 'dolorem-esse-in-amet', 'Asperiores impedit fugit deserunt voluptatibus debitis non. Minima eligendi eum et cupiditate. Vitae dolores ea pariatur impedit corporis. Autem alias ut quaerat accusantium.', 1, 10, '2020-03-27 18:44:50', '2020-03-27 18:44:50'),
(4, 'Quis id in dolorum eos facilis.', 'quis-id-in-dolorum-eos-facilis', 'Voluptate cupiditate consectetur vero et a dolores et. Occaecati ut cumque inventore voluptates dolores. Voluptatibus iste voluptatem sunt qui.', 8, 9, '2020-03-27 18:44:50', '2020-03-27 18:44:50'),
(5, 'Voluptatem aliquid sunt exercitationem qui itaque.', 'voluptatem-aliquid-sunt-exercitationem-qui-itaque', 'Ut modi saepe numquam in dolorem. Et at perferendis et fugiat. Commodi magni numquam doloribus qui perferendis delectus non. Et necessitatibus aut non at.', 8, 1, '2020-03-27 18:44:50', '2020-03-27 18:44:50'),
(6, 'Aperiam et quaerat voluptas ipsa voluptatibus et voluptatem.', 'aperiam-et-quaerat-voluptas-ipsa-voluptatibus-et-voluptatem', 'Nihil rerum dignissimos aut ut cupiditate. Beatae alias occaecati non molestiae iusto sed ut. Recusandae corporis quia quia dolorum voluptates voluptatem.', 2, 5, '2020-03-27 18:44:50', '2020-03-27 18:44:50'),
(7, 'Fuga tempora quis omnis non sed.', 'fuga-tempora-quis-omnis-non-sed', 'Est pariatur asperiores corporis laborum quo dolorem veritatis. Velit qui necessitatibus iusto et velit dignissimos aut sapiente.', 3, 4, '2020-03-27 18:44:50', '2020-03-27 18:44:50'),
(8, 'Natus temporibus maiores qui est corporis odit.', 'natus-temporibus-maiores-qui-est-corporis-odit', 'Consequuntur eum pariatur sapiente esse. Magnam dolor ex perferendis et voluptates ut et. Harum sed animi cumque neque et rerum. Eaque et dolorum ut commodi mollitia.', 1, 8, '2020-03-27 18:44:50', '2020-03-27 18:44:50'),
(9, 'Necessitatibus repellendus rerum numquam cupiditate nemo.', 'necessitatibus-repellendus-rerum-numquam-cupiditate-nemo', 'Ut est quo nulla pariatur quae velit. Accusantium dolore nemo perferendis. Temporibus sed sit saepe sed voluptas fugiat consequatur eaque. Explicabo aut consequatur aut explicabo voluptates fuga.', 10, 3, '2020-03-27 18:44:50', '2020-03-27 18:44:50'),
(10, 'Excepturi consequuntur ipsum quae aliquam voluptate labore.', 'excepturi-consequuntur-ipsum-quae-aliquam-voluptate-labore', 'Neque et et dolorem. Error amet repellat adipisci assumenda maiores tempora ut aut. Vel voluptatum molestiae eveniet exercitationem iusto ratione molestias totam. Aut architecto qui ut.', 7, 10, '2020-03-27 18:44:50', '2020-03-27 18:44:50'),
(11, 'Sapiente odit dolores officiis aut et in pariatur.', 'sapiente-odit-dolores-officiis-aut-et-in-pariatur', 'Expedita doloribus voluptatem rerum ut qui voluptatem reprehenderit. Architecto laudantium magnam ea praesentium eaque. Voluptatibus quis quibusdam et esse.', 7, 2, '2020-03-27 18:44:50', '2020-03-27 18:44:50'),
(12, 'Accusamus consequatur in necessitatibus cupiditate.', 'accusamus-consequatur-in-necessitatibus-cupiditate', 'Delectus molestias at hic est placeat sint nesciunt. Illum eligendi doloremque aut ut consequatur odit asperiores. Iusto adipisci aspernatur aut at et qui numquam.', 7, 6, '2020-03-27 18:44:50', '2020-03-27 18:44:50'),
(13, 'Sunt magni similique velit earum consectetur libero.', 'sunt-magni-similique-velit-earum-consectetur-libero', 'Mollitia ut ea quas sapiente. Dolore quos in quaerat molestias. Dolorum repellat dolor et et. Molestias aut atque dolores omnis velit voluptatem accusamus ut. Enim quasi sunt at atque aut aspernatur.', 2, 6, '2020-03-27 18:44:50', '2020-03-27 18:44:50'),
(14, 'Ut deleniti enim quae aliquid voluptas.', 'ut-deleniti-enim-quae-aliquid-voluptas', 'Id ducimus aut cumque quia. Ut quia et voluptatem deleniti rerum dolorem quis.', 7, 8, '2020-03-27 18:44:50', '2020-03-27 18:44:50'),
(15, 'Iure at ea labore eius qui quisquam modi consequatur.', 'iure-at-ea-labore-eius-qui-quisquam-modi-consequatur', 'Ut delectus in voluptas perspiciatis. Omnis maxime sit eos omnis. Enim in tempore et et. Labore corrupti aut corrupti est.', 6, 2, '2020-03-27 18:44:50', '2020-03-27 18:44:50'),
(16, 'Eligendi natus ullam qui necessitatibus est possimus.', 'eligendi-natus-ullam-qui-necessitatibus-est-possimus', 'Fugit qui iste enim pariatur aliquid enim. Saepe repudiandae dolorem atque ut facere inventore voluptatem. Aperiam fugit ut vero porro error odit.', 2, 3, '2020-03-27 18:44:50', '2020-03-27 18:44:50'),
(17, 'Debitis animi et voluptatem.', 'debitis-animi-et-voluptatem', 'Fuga sed velit autem commodi aut cum. Aut quam dolor et placeat et qui eos. Maxime ut aut blanditiis nostrum. Dolorem veritatis maxime omnis et enim tenetur.', 5, 10, '2020-03-27 18:44:50', '2020-03-27 18:44:50'),
(18, 'Corrupti consequatur aut eveniet voluptatem enim voluptatem.', 'corrupti-consequatur-aut-eveniet-voluptatem-enim-voluptatem', 'Dicta reprehenderit et explicabo numquam qui explicabo excepturi. Sint error ut et minus quia. Minus eos exercitationem sed dolores rem corporis ratione.', 6, 2, '2020-03-27 18:44:50', '2020-03-27 18:44:50'),
(19, 'Et eius illum nihil optio eius qui.', 'et-eius-illum-nihil-optio-eius-qui', 'Rerum quae delectus sint consequatur. Laborum alias facilis aut nobis quia. Maxime quaerat explicabo velit velit ipsam.', 9, 3, '2020-03-27 18:44:50', '2020-03-27 18:44:50'),
(20, 'Exercitationem eius totam vel placeat.', 'exercitationem-eius-totam-vel-placeat', 'Itaque omnis et ipsam aliquid dolore. Laboriosam et voluptates sunt quia perspiciatis a. Dolores dolor non voluptatem aspernatur praesentium.', 1, 5, '2020-03-27 18:44:50', '2020-03-27 18:44:50'),
(21, 'Itaque nesciunt quaerat quia animi.', 'itaque-nesciunt-quaerat-quia-animi', 'Doloremque hic veritatis consequatur placeat deleniti modi qui. Blanditiis minima qui consequatur ad. Non voluptatem illo provident numquam distinctio saepe.', 10, 4, '2020-03-27 18:44:50', '2020-03-27 18:44:50'),
(22, 'Illo eveniet accusamus totam.', 'illo-eveniet-accusamus-totam', 'Totam magni architecto eligendi quidem. Qui rerum ut itaque suscipit. Provident asperiores dicta fugit quae.', 10, 9, '2020-03-27 18:44:50', '2020-03-27 18:44:50'),
(23, 'Qui autem laborum voluptatum ipsa.', 'qui-autem-laborum-voluptatum-ipsa', 'Veritatis nostrum tempora vel dolor veritatis. Velit iste saepe sed quam. Suscipit consequatur id voluptate.', 10, 7, '2020-03-27 18:44:50', '2020-03-27 18:44:50'),
(24, 'Voluptatem dolorum in est error ipsa totam atque.', 'voluptatem-dolorum-in-est-error-ipsa-totam-atque', 'Voluptatem sint accusamus eos dolorum et quibusdam. Quos repellendus beatae dolores excepturi vitae. Id quod nam ipsum est magnam. Totam porro blanditiis corporis omnis.', 10, 7, '2020-03-27 18:44:50', '2020-03-27 18:44:50'),
(25, 'Omnis asperiores porro saepe.', 'omnis-asperiores-porro-saepe', 'Enim totam eveniet non non. Sunt autem repellendus et blanditiis aut molestiae.', 4, 3, '2020-03-27 18:44:50', '2020-03-27 18:44:50'),
(26, 'Asperiores qui sunt eos veritatis praesentium accusantium.', 'asperiores-qui-sunt-eos-veritatis-praesentium-accusantium', 'Qui veritatis ullam molestiae dolorem. Occaecati et quos est quo ut. Quia in praesentium inventore nulla delectus laborum eaque cupiditate. Quas fugiat maxime aut.', 7, 9, '2020-03-27 18:44:50', '2020-03-27 18:44:50'),
(27, 'Delectus minima consequatur illo nam non esse atque.', 'delectus-minima-consequatur-illo-nam-non-esse-atque', 'Vel necessitatibus tenetur et dicta aut qui ad. Eaque et quis temporibus fuga fugit asperiores. Rerum aut doloribus autem aliquid aspernatur voluptas.', 3, 10, '2020-03-27 18:44:50', '2020-03-27 18:44:50'),
(28, 'Nobis accusantium cum dicta quia et.', 'nobis-accusantium-cum-dicta-quia-et', 'Repudiandae et consequatur est dolore ipsa delectus. Tempore illum dolores aut recusandae veritatis sunt. Est neque ex animi non eum.', 6, 6, '2020-03-27 18:44:50', '2020-03-27 18:44:50'),
(29, 'Officia sit et quam temporibus modi.', 'officia-sit-et-quam-temporibus-modi', 'Exercitationem id aut totam saepe expedita reprehenderit. Debitis autem aut nulla sequi iste nam tempore. Veniam voluptatibus ea repudiandae aut amet voluptates vel.', 3, 2, '2020-03-27 18:44:50', '2020-03-27 18:44:50'),
(30, 'Earum tempore repellendus molestiae doloremque a adipisci.', 'earum-tempore-repellendus-molestiae-doloremque-a-adipisci', 'Magni sunt fuga molestiae culpa. Quo odio magnam quia rem. Perspiciatis vel fugiat delectus culpa ut aut dolorem.', 7, 1, '2020-03-27 18:44:50', '2020-03-27 18:44:50'),
(31, 'Qui reiciendis minima quibusdam omnis beatae.', 'qui-reiciendis-minima-quibusdam-omnis-beatae', 'Non et nam laudantium nihil assumenda. Quod expedita optio nihil ipsum consequatur aut aut. Quaerat in animi saepe laboriosam nesciunt.', 7, 9, '2020-03-27 18:44:50', '2020-03-27 18:44:50'),
(32, 'Voluptates nulla dolor eos itaque.', 'voluptates-nulla-dolor-eos-itaque', 'Rerum facilis eum sunt ex atque beatae qui a. Aliquid qui eveniet et voluptas rem.', 7, 1, '2020-03-27 18:44:50', '2020-03-27 18:44:50'),
(33, 'Repellat quaerat voluptates provident quia omnis maiores.', 'repellat-quaerat-voluptates-provident-quia-omnis-maiores', 'At nam saepe recusandae exercitationem impedit. Quisquam quod explicabo ratione beatae.', 5, 6, '2020-03-27 18:44:50', '2020-03-27 18:44:50'),
(34, 'Totam qui praesentium at tenetur praesentium enim aut ea.', 'totam-qui-praesentium-at-tenetur-praesentium-enim-aut-ea', 'Fugit dolore veniam cum voluptas totam ut. Illum modi accusamus ad nulla. Alias et dignissimos sit.', 1, 6, '2020-03-27 18:44:50', '2020-03-27 18:44:50'),
(35, 'Non et quis ut itaque officiis nulla at.', 'non-et-quis-ut-itaque-officiis-nulla-at', 'Porro ad odio tempore non nihil reprehenderit laboriosam. Necessitatibus aut aut non. Ratione modi porro totam.', 1, 1, '2020-03-27 18:44:50', '2020-03-27 18:44:50'),
(36, 'Pariatur quae rerum fuga eius est amet.', 'pariatur-quae-rerum-fuga-eius-est-amet', 'Deserunt rem voluptate quas assumenda. Eum vitae enim quisquam qui officia impedit hic. Repellendus ut aut magni sint soluta alias earum.', 3, 10, '2020-03-27 18:44:50', '2020-03-27 18:44:50'),
(37, 'Optio molestiae hic doloremque earum commodi laudantium nihil voluptatem.', 'optio-molestiae-hic-doloremque-earum-commodi-laudantium-nihil-voluptatem', 'Eum vero aut natus. Quaerat fuga id alias quibusdam quo qui sit. Quaerat iusto qui amet aut.', 2, 9, '2020-03-27 18:44:50', '2020-03-27 18:44:50'),
(38, 'Id non dicta enim sunt libero accusamus qui fugiat.', 'id-non-dicta-enim-sunt-libero-accusamus-qui-fugiat', 'Recusandae tempora libero quibusdam omnis saepe dignissimos deserunt. Inventore atque aut similique molestiae voluptas quasi. Id suscipit earum in praesentium.', 6, 2, '2020-03-27 18:44:50', '2020-03-27 18:44:50'),
(39, 'Eum aut assumenda similique perspiciatis unde.', 'eum-aut-assumenda-similique-perspiciatis-unde', 'Quibusdam repellendus quasi animi. Unde autem aut provident natus id quidem. Sunt quis similique corporis vitae repudiandae et. Ut rem libero recusandae.', 2, 7, '2020-03-27 18:44:50', '2020-03-27 18:44:50'),
(40, 'Quis est quia ducimus qui non molestiae.', 'quis-est-quia-ducimus-qui-non-molestiae', 'Accusamus pariatur deleniti ullam voluptatibus voluptatibus. Sequi accusantium quos voluptas quam. Repudiandae consequuntur corporis illo necessitatibus sint est.', 10, 3, '2020-03-27 18:44:51', '2020-03-27 18:44:51'),
(41, 'Quas qui voluptate necessitatibus magnam deleniti.', 'quas-qui-voluptate-necessitatibus-magnam-deleniti', 'Minus dolor cum molestiae nisi omnis doloremque id. Cumque fugiat est consequuntur omnis facere iusto exercitationem. Quis voluptatem sed voluptatem in est iure sit.', 8, 3, '2020-03-27 18:44:51', '2020-03-27 18:44:51'),
(42, 'Qui sit eveniet odio consectetur reiciendis.', 'qui-sit-eveniet-odio-consectetur-reiciendis', 'Et eveniet qui omnis facilis totam quas maxime. Dolor veritatis praesentium quo nostrum dicta voluptates. Qui minima aliquid sint rerum.', 8, 2, '2020-03-27 18:44:51', '2020-03-27 18:44:51'),
(43, 'Perferendis impedit quos officiis hic ut ut.', 'perferendis-impedit-quos-officiis-hic-ut-ut', 'Laudantium quis adipisci quod repudiandae laborum. Est est omnis eum reprehenderit reiciendis. Distinctio cum ipsam dignissimos atque omnis.', 1, 10, '2020-03-27 18:44:51', '2020-03-27 18:44:51'),
(44, 'Exercitationem rerum at eligendi.', 'exercitationem-rerum-at-eligendi', 'Dolores sed nihil cumque consequuntur illum impedit. Sunt et saepe molestiae.', 8, 7, '2020-03-27 18:44:51', '2020-03-27 18:44:51'),
(45, 'Qui autem deserunt similique quia omnis.', 'qui-autem-deserunt-similique-quia-omnis', 'Est omnis incidunt quos cupiditate dolorum omnis eaque. Aut asperiores et nobis. Perspiciatis alias quas dolor iusto repellat.', 1, 7, '2020-03-27 18:44:51', '2020-03-27 18:44:51'),
(46, 'Et libero reiciendis minima aliquid qui doloremque.', 'et-libero-reiciendis-minima-aliquid-qui-doloremque', 'Iusto maxime eius harum necessitatibus et illum. Voluptas quis totam ea unde in autem velit molestiae. Quam est eum et aspernatur. Cum unde quia ea velit laboriosam iste nemo.', 7, 9, '2020-03-27 18:44:51', '2020-03-27 18:44:51'),
(47, 'Qui maxime esse aut qui vitae.', 'qui-maxime-esse-aut-qui-vitae', 'Et molestias officia et repudiandae labore. Minima sit et delectus. Nihil consequatur voluptas voluptatum sed illum quaerat id. Ab sit non earum maiores quae natus doloribus.', 8, 1, '2020-03-27 18:44:51', '2020-03-27 18:44:51'),
(48, 'Quia ab veritatis dolorem eligendi.', 'quia-ab-veritatis-dolorem-eligendi', 'Pariatur veniam a sapiente ab ea qui ut. Similique molestiae non in ut dolorum et veniam. Suscipit et numquam in et aliquam et.', 1, 5, '2020-03-27 18:44:51', '2020-03-27 18:44:51'),
(49, 'Exercitationem sed ad beatae cum eos quo et.', 'exercitationem-sed-ad-beatae-cum-eos-quo-et', 'Excepturi praesentium alias rerum quae nam dolorem odit. Omnis earum est ad magni beatae maxime. Autem fugit veniam officiis et. Veritatis et sed saepe fugit.', 10, 7, '2020-03-27 18:44:51', '2020-03-27 18:44:51'),
(50, 'Omnis ad voluptas alias architecto.', 'omnis-ad-voluptas-alias-architecto', 'Sit recusandae voluptate qui ad autem. Asperiores corporis non ea minima et nobis. Eligendi accusantium voluptas totam animi ab tempora ipsa. Accusantium quaerat labore aspernatur quae.', 3, 8, '2020-03-27 18:44:51', '2020-03-27 18:44:51');

-- --------------------------------------------------------

--
-- Table structure for table `replies`
--

CREATE TABLE `replies` (
  `id` int(10) UNSIGNED NOT NULL,
  `body` text COLLATE utf8mb4_unicode_ci NOT NULL,
  `question_id` int(10) UNSIGNED NOT NULL,
  `user_id` int(10) UNSIGNED NOT NULL,
  `created_at` timestamp NULL DEFAULT NULL,
  `updated_at` timestamp NULL DEFAULT NULL
) ENGINE=InnoDB DEFAULT CHARSET=utf8mb4 COLLATE=utf8mb4_unicode_ci;

--
-- Dumping data for table `replies`
--

INSERT INTO `replies` (`id`, `body`, `question_id`, `user_id`, `created_at`, `updated_at`) VALUES
(1, 'Est amet incidunt suscipit iure sint omnis quo. Est qui architecto dolores non.', 42, 2, '2020-03-27 18:44:52', '2020-03-27 18:44:52'),
(2, 'Iure sapiente exercitationem et ea est perspiciatis in. Et vitae quae aut et.', 44, 5, '2020-03-27 18:44:52', '2020-03-27 18:44:52'),
(3, 'Officiis eveniet laboriosam harum voluptatem quod. Odit minus assumenda dolorem. Et omnis corporis aut vitae molestias aut. Voluptatum autem soluta voluptatibus modi est.', 30, 3, '2020-03-27 18:44:52', '2020-03-27 18:44:52'),
(4, 'Sint delectus iusto vitae id. Inventore dolorem velit aut sit itaque aut architecto. Voluptates qui sed sit amet. Officiis amet et pariatur ratione a consequuntur. Sequi fugit est nobis.', 17, 2, '2020-03-27 18:44:52', '2020-03-27 18:44:52'),
(5, 'Eius quos totam ex ut harum. In autem temporibus quo consequuntur aperiam. Rem incidunt cupiditate quo eum nostrum quaerat aut. Alias consectetur et deserunt non qui repudiandae.', 34, 4, '2020-03-27 18:44:52', '2020-03-27 18:44:52'),
(6, 'Dolorem iusto possimus autem adipisci natus. Voluptatem magnam amet vel minima. Consequuntur libero itaque ex eos aliquid dignissimos id labore.', 26, 9, '2020-03-27 18:44:52', '2020-03-27 18:44:52'),
(7, 'Eius saepe aut cupiditate eveniet. Sit consequuntur aspernatur praesentium id. Architecto qui iusto impedit porro odio. Quia asperiores dolor maxime dignissimos rem. Dolorem ut deleniti voluptatem.', 35, 10, '2020-03-27 18:44:52', '2020-03-27 18:44:52'),
(8, 'Et quia quo vero consequatur eveniet incidunt eos sunt. Fugit necessitatibus repellendus distinctio esse et. Aut sed incidunt adipisci. Expedita id sed veniam architecto qui eum ut.', 9, 5, '2020-03-27 18:44:52', '2020-03-27 18:44:52'),
(9, 'Velit deserunt beatae occaecati quidem sed voluptatem ipsa aliquam. Voluptatum ea ut incidunt perferendis. Nisi cumque vel saepe non architecto ducimus. Quae enim delectus placeat dolor.', 26, 5, '2020-03-27 18:44:52', '2020-03-27 18:44:52'),
(10, 'Modi excepturi in nemo natus vero eos. Illum eos sed reiciendis repellendus velit et. Vel deleniti quis tempora vero. Id ex nostrum velit.', 43, 6, '2020-03-27 18:44:52', '2020-03-27 18:44:52'),
(11, 'Saepe consectetur cum doloribus nostrum. Aut ut at molestias cupiditate at aliquid. Qui et doloribus eligendi rerum voluptates. Autem necessitatibus veritatis vero rerum.', 17, 3, '2020-03-27 18:44:52', '2020-03-27 18:44:52'),
(12, 'Et et voluptatem aut est. Minus consequatur ipsum impedit sed laborum hic aut. Ut modi optio voluptatibus distinctio. Voluptatum qui ea rerum similique.', 14, 1, '2020-03-27 18:44:52', '2020-03-27 18:44:52'),
(13, 'Quia dolores optio deleniti rerum nisi. Mollitia nam deserunt inventore facere hic rem. Atque totam sed praesentium placeat aspernatur sed soluta. Ex a cumque in.', 45, 10, '2020-03-27 18:44:52', '2020-03-27 18:44:52'),
(14, 'Non et voluptatem quaerat. Voluptas autem quia dolor quisquam est. Repellat laboriosam inventore porro ut autem.', 13, 6, '2020-03-27 18:44:52', '2020-03-27 18:44:52'),
(15, 'Eos quidem eos quaerat. Recusandae itaque a nam sit dolores. Dignissimos mollitia quod non eveniet odit eum voluptatem. Vel qui expedita dolore quidem. Dolores voluptas commodi fugit unde aut.', 34, 3, '2020-03-27 18:44:52', '2020-03-27 18:44:52'),
(16, 'Enim aut non culpa nemo quas accusamus necessitatibus. Optio qui animi laboriosam quia perferendis architecto qui. Non voluptatem ut ea harum dolorem.', 13, 7, '2020-03-27 18:44:52', '2020-03-27 18:44:52'),
(17, 'Quod itaque ut accusantium rerum qui. Dolor magni exercitationem et repellat perferendis nemo ipsum. Deleniti sapiente pariatur tempore est.', 14, 2, '2020-03-27 18:44:52', '2020-03-27 18:44:52'),
(18, 'Quibusdam dolor minus rerum molestiae dicta. Ut deserunt tempora aut. Id explicabo cupiditate delectus et.', 3, 6, '2020-03-27 18:44:52', '2020-03-27 18:44:52'),
(19, 'Laboriosam dolorum aut repudiandae. Et est eos dolor est aliquid minus ipsam aliquid. Expedita quasi quo ea debitis ab. Voluptatum ipsum dolor quaerat nisi perspiciatis quos rerum inventore.', 18, 4, '2020-03-27 18:44:52', '2020-03-27 18:44:52'),
(20, 'Eos aliquid quo dicta. Odio id et eum eos. Inventore possimus ut alias vel quis nulla.', 45, 3, '2020-03-27 18:44:52', '2020-03-27 18:44:52'),
(21, 'Saepe dolor atque nesciunt quibusdam architecto. Rerum aperiam fugiat aliquid omnis. Voluptatem molestias amet quae nihil blanditiis quae recusandae. Libero et sit saepe aut voluptatem adipisci et.', 6, 4, '2020-03-27 18:44:52', '2020-03-27 18:44:52'),
(22, 'Nisi ullam aut provident dolores hic. Rerum consequatur odit voluptatum laborum est explicabo. Neque harum quis amet eligendi et culpa aspernatur. Earum est reprehenderit in et nihil dolor rem.', 2, 8, '2020-03-27 18:44:52', '2020-03-27 18:44:52'),
(23, 'Consequatur quo perferendis sit iusto. Quia ea mollitia harum sit quia tempore dolorem. Eveniet nostrum et et sit et dolores magni natus. Ex aliquid aut quaerat assumenda voluptatem assumenda.', 23, 7, '2020-03-27 18:44:52', '2020-03-27 18:44:52'),
(24, 'Cupiditate doloremque cupiditate aut sunt velit et. Sunt dignissimos totam saepe et. Repellendus tenetur a aliquam reprehenderit sunt quis. Voluptatem sint ut repellendus pariatur commodi inventore.', 19, 1, '2020-03-27 18:44:52', '2020-03-27 18:44:52'),
(25, 'Natus quam ut vel quam eveniet omnis hic. Ut vel aspernatur in assumenda vel.', 31, 4, '2020-03-27 18:44:52', '2020-03-27 18:44:52'),
(26, 'Recusandae neque ut qui harum eum. Sit non ad culpa architecto ut. Deserunt veritatis voluptatibus veniam corrupti.', 15, 8, '2020-03-27 18:44:52', '2020-03-27 18:44:52'),
(27, 'Pariatur est ut corporis pariatur qui. Et ipsam aperiam eius ut ullam maxime dolore cumque. Aspernatur quia illum maiores in ut. Inventore odit recusandae quia facilis dolores possimus.', 36, 8, '2020-03-27 18:44:52', '2020-03-27 18:44:52'),
(28, 'Perspiciatis molestias est sed ipsa molestiae. Velit eos repellendus earum voluptatibus temporibus est. Quas ipsa rerum dicta eum nesciunt. Autem molestias nisi ut placeat ducimus dolor.', 41, 2, '2020-03-27 18:44:52', '2020-03-27 18:44:52'),
(29, 'Error eligendi ea autem non esse tempore. Ut cumque voluptas voluptas dolor facere. Voluptatum nostrum debitis quisquam nam.', 36, 10, '2020-03-27 18:44:52', '2020-03-27 18:44:52'),
(30, 'Qui ex eos molestias inventore. Qui aliquid aliquam sit. Accusantium eaque qui delectus perferendis neque dolores aut a.', 27, 10, '2020-03-27 18:44:52', '2020-03-27 18:44:52'),
(31, 'Et dolor similique officiis veniam perferendis voluptate quaerat. Nesciunt aut quam qui dolorem quas dolores. Alias reprehenderit consequuntur quis natus.', 12, 6, '2020-03-27 18:44:52', '2020-03-27 18:44:52'),
(32, 'Et culpa necessitatibus dolores necessitatibus et optio omnis tenetur. Consequuntur et molestias aut vel. Quo in repudiandae repellat est earum molestias.', 25, 7, '2020-03-27 18:44:52', '2020-03-27 18:44:52'),
(33, 'Est assumenda autem voluptatem. Blanditiis tenetur qui rerum consequatur minus non error eos. Doloremque et reiciendis laudantium voluptatem aliquam. Ut officia earum in qui fugit exercitationem.', 23, 5, '2020-03-27 18:44:52', '2020-03-27 18:44:52'),
(34, 'Explicabo dolor corrupti totam porro. Itaque esse eligendi beatae dignissimos voluptatem. Eius in qui natus.', 50, 2, '2020-03-27 18:44:52', '2020-03-27 18:44:52'),
(35, 'Rem quisquam dignissimos laudantium quia ex in. Ea unde dolor vero. Illum sunt quod inventore porro. Fugiat optio ratione qui repellendus consequatur laudantium nihil repudiandae.', 39, 7, '2020-03-27 18:44:52', '2020-03-27 18:44:52'),
(36, 'Id qui ut laboriosam omnis facere. Voluptatibus ut voluptas autem et sunt perspiciatis. Mollitia excepturi ut commodi error nam aut perferendis. Cupiditate harum numquam et est iste ullam.', 37, 5, '2020-03-27 18:44:52', '2020-03-27 18:44:52'),
(37, 'Laudantium qui voluptates ea totam sint illum natus. Qui in non aliquid voluptas. Dignissimos veniam explicabo velit qui. Aut dignissimos voluptas ipsa tempore.', 9, 1, '2020-03-27 18:44:52', '2020-03-27 18:44:52'),
(38, 'Quos ut ut facere enim numquam. Est quos itaque voluptate hic architecto. Molestiae consequatur consectetur rerum molestiae reiciendis cupiditate maxime autem.', 8, 9, '2020-03-27 18:44:52', '2020-03-27 18:44:52'),
(39, 'Ut ut et similique dolor adipisci tempore. Nesciunt nobis quam est sunt sed eius est. Perferendis suscipit qui aut nobis.', 14, 6, '2020-03-27 18:44:52', '2020-03-27 18:44:52'),
(40, 'Culpa quod provident occaecati ducimus nulla atque. Veniam fugiat debitis fugiat. Cum voluptatem a ut illo est impedit quo ex.', 39, 9, '2020-03-27 18:44:52', '2020-03-27 18:44:52'),
(41, 'Similique eum dolor eos est architecto qui non. In id quae atque magni maxime consequuntur et. Rerum necessitatibus veniam placeat quo.', 48, 2, '2020-03-27 18:44:52', '2020-03-27 18:44:52'),
(42, 'Laborum earum cum quidem et est nesciunt aut aut. Eaque impedit expedita consequatur minus voluptatem. Veritatis fuga sit optio reiciendis.', 25, 10, '2020-03-27 18:44:52', '2020-03-27 18:44:52'),
(43, 'Laudantium optio consectetur natus. Vitae nam in nemo aut sint cumque ex. Enim omnis impedit minima qui est. Assumenda voluptas nam officia et illo. Fugiat veritatis qui velit reiciendis amet.', 48, 9, '2020-03-27 18:44:52', '2020-03-27 18:44:52'),
(44, 'Voluptatem aliquam omnis mollitia sapiente placeat nostrum ullam. Perferendis nemo cum in non consequuntur voluptas labore. Et delectus delectus quod inventore enim qui suscipit officia.', 34, 5, '2020-03-27 18:44:52', '2020-03-27 18:44:52'),
(45, 'Deserunt rerum enim odit. Incidunt doloremque ratione eos doloribus. Fugiat dolores reiciendis veritatis nemo.', 14, 10, '2020-03-27 18:44:52', '2020-03-27 18:44:52'),
(46, 'Repudiandae ratione ut dicta. Fuga nulla blanditiis ut quam est voluptatem. Quos minus corrupti consequatur hic ratione. Accusantium et et blanditiis quas dolorem facilis nam.', 18, 4, '2020-03-27 18:44:52', '2020-03-27 18:44:52'),
(47, 'Odit rerum alias qui esse vel impedit. Cupiditate animi dolor eos. Voluptatem quia omnis perferendis totam ut vel repellat.', 35, 1, '2020-03-27 18:44:52', '2020-03-27 18:44:52'),
(48, 'Officia corrupti eligendi in quia quia minus. Et quod molestiae velit aliquam ipsum. Dolor ab enim consequuntur quis cumque. Et culpa in omnis qui occaecati. Ipsum quasi quae aspernatur quia ratione.', 42, 9, '2020-03-27 18:44:52', '2020-03-27 18:44:52'),
(49, 'Suscipit ratione recusandae nisi doloremque ipsa. Aliquam cumque iste libero magnam. Maxime corrupti officia suscipit. Laborum eos non voluptates incidunt mollitia.', 2, 5, '2020-03-27 18:44:52', '2020-03-27 18:44:52'),
(50, 'Officia delectus natus et ipsum. Ut ipsum possimus aperiam a. Distinctio consectetur fugiat quisquam sit consectetur quia consequatur. Amet sunt ut ullam.', 43, 3, '2020-03-27 18:44:52', '2020-03-27 18:44:52'),
(51, 'Voluptas iusto saepe et architecto et quia velit non. Possimus unde et esse ut maxime. Fuga voluptatem deserunt illum sequi.', 35, 3, '2020-03-27 18:44:52', '2020-03-27 18:44:52'),
(52, 'Aut in quidem eius nobis impedit. Sint magnam quo dolorem est. Non saepe voluptatum consequatur voluptas placeat harum omnis omnis. Ut facilis ad fugit quos.', 28, 2, '2020-03-27 18:44:52', '2020-03-27 18:44:52'),
(53, 'Molestiae et dicta enim aut deleniti qui. Qui vel eum sed similique qui ducimus recusandae. Fuga rerum rerum repellat libero est et nisi culpa.', 8, 2, '2020-03-27 18:44:52', '2020-03-27 18:44:52'),
(54, 'Et quos est repellendus natus numquam. Odio earum sint commodi dolore esse et.', 43, 5, '2020-03-27 18:44:52', '2020-03-27 18:44:52'),
(55, 'Omnis magni ex tempora. Non et ea expedita occaecati. Consequatur non sint nostrum minima minima occaecati deleniti. Ipsam ab in adipisci.', 19, 8, '2020-03-27 18:44:52', '2020-03-27 18:44:52'),
(56, 'Repudiandae exercitationem doloremque laboriosam. Qui vel dignissimos repudiandae omnis temporibus voluptas quaerat. Commodi nobis harum ut odio accusamus.', 9, 5, '2020-03-27 18:44:52', '2020-03-27 18:44:52'),
(57, 'Qui ducimus incidunt maiores dolor ea. Libero ducimus est voluptatem rem. Dolorem omnis blanditiis perspiciatis voluptatem fugit. Odit similique illo rerum soluta in voluptates qui aut.', 43, 2, '2020-03-27 18:44:52', '2020-03-27 18:44:52'),
(58, 'Consequuntur cumque et nostrum repellendus consequatur dolorem. Excepturi eum vero atque dolor. Qui voluptatum ut aspernatur et. Et dolores ut a est.', 41, 1, '2020-03-27 18:44:52', '2020-03-27 18:44:52'),
(59, 'Qui eius molestiae voluptas praesentium provident in saepe. Aut quo eveniet non quas cum soluta.', 11, 8, '2020-03-27 18:44:52', '2020-03-27 18:44:52'),
(60, 'Aut enim consequatur consequatur. Velit fugit illo qui veritatis alias. Esse impedit pariatur sed reiciendis quia sit beatae.', 3, 9, '2020-03-27 18:44:52', '2020-03-27 18:44:52'),
(61, 'Numquam dicta aliquid et soluta. Omnis quas voluptatum et commodi voluptatem et. Reprehenderit dolores odit et recusandae. Quia cupiditate nostrum eaque sunt.', 50, 1, '2020-03-27 18:44:52', '2020-03-27 18:44:52'),
(62, 'Qui rem odit qui dignissimos ut possimus possimus. Ducimus dolores facere qui. Quam ut modi omnis et. Asperiores dolores perferendis facere ex. Inventore quaerat sequi sequi.', 16, 4, '2020-03-27 18:44:52', '2020-03-27 18:44:52'),
(63, 'Fugiat ipsam cumque voluptatibus rerum facere totam praesentium et. Omnis recusandae praesentium exercitationem expedita quia ut rem. Quidem adipisci facere enim sed voluptatem eveniet.', 3, 10, '2020-03-27 18:44:52', '2020-03-27 18:44:52'),
(64, 'Praesentium quaerat nemo nihil ducimus. Magnam libero fuga et. Corporis nobis id ratione fuga saepe consequatur. Et atque ipsam ea unde neque. Quis dolorum esse architecto alias nihil natus.', 11, 3, '2020-03-27 18:44:52', '2020-03-27 18:44:52'),
(65, 'Quasi nostrum autem aliquam rem eaque facilis. Aut minus facilis qui et voluptas dolores voluptatum. Et voluptatum nam aut ut repellendus beatae eligendi. Necessitatibus est consequatur ea aut.', 23, 8, '2020-03-27 18:44:52', '2020-03-27 18:44:52'),
(66, 'Officiis est numquam enim repudiandae laborum aspernatur impedit quae. Quis quia consequuntur quos dolores culpa sunt nemo. Magni eos accusamus iste inventore et.', 43, 2, '2020-03-27 18:44:52', '2020-03-27 18:44:52'),
(67, 'Aut tempora quae cum suscipit velit id. Soluta earum nemo non soluta beatae saepe tenetur. Ea eaque quia cum ut quas. Pariatur voluptatum aliquam ea velit voluptatem et est provident.', 36, 2, '2020-03-27 18:44:52', '2020-03-27 18:44:52'),
(68, 'Placeat aut at quo architecto quia ex. Sit culpa temporibus ullam omnis saepe quis. Aut porro deleniti iure perferendis dolorem et quo. Et quasi quia id doloribus.', 5, 8, '2020-03-27 18:44:52', '2020-03-27 18:44:52'),
(69, 'Laudantium a ducimus eaque magnam quas. Est quasi porro error nostrum saepe aut. Voluptatem quidem placeat at corporis asperiores.', 33, 7, '2020-03-27 18:44:52', '2020-03-27 18:44:52'),
(70, 'Perspiciatis expedita cupiditate alias. Sint qui et iste eligendi amet. Natus qui quisquam corrupti et ut. Repudiandae praesentium ab aut fuga necessitatibus.', 6, 10, '2020-03-27 18:44:52', '2020-03-27 18:44:52'),
(71, 'Aut est eos est odio quis. Expedita eum suscipit voluptate blanditiis praesentium in. Quia vel saepe vel dolorem harum sed.', 18, 4, '2020-03-27 18:44:52', '2020-03-27 18:44:52'),
(72, 'Pariatur ab accusamus ratione veniam sint ullam quas illo. Consequatur et dolorem quod aspernatur aut.', 23, 10, '2020-03-27 18:44:52', '2020-03-27 18:44:52'),
(73, 'Esse delectus omnis tenetur est. Veritatis eos earum aut aperiam et quia voluptates. Ducimus ullam magni qui aut beatae consectetur.', 15, 9, '2020-03-27 18:44:52', '2020-03-27 18:44:52'),
(74, 'Cumque magni nemo quia debitis. Quis harum et non est officia reprehenderit dolorum. Sit harum qui fugit. Ut non voluptatem officia libero placeat a voluptas.', 33, 9, '2020-03-27 18:44:52', '2020-03-27 18:44:52'),
(75, 'Laboriosam ipsum natus aut distinctio. Ipsa qui est dicta impedit velit accusantium. Ut sed iusto harum eum. Ad impedit ex culpa a occaecati perspiciatis.', 24, 3, '2020-03-27 18:44:52', '2020-03-27 18:44:52'),
(76, 'Dolorem a qui voluptatem qui est neque. Eius quisquam et dolor in itaque nisi quasi. Ex repudiandae et hic voluptate mollitia nemo.', 10, 2, '2020-03-27 18:44:52', '2020-03-27 18:44:52'),
(77, 'Sequi tempore sunt a molestias. Autem expedita est odit quasi quam recusandae repudiandae. Enim suscipit fugit laboriosam et ut. Ea quo quidem nobis rerum natus qui non nihil.', 5, 1, '2020-03-27 18:44:52', '2020-03-27 18:44:52'),
(78, 'Libero doloribus rerum est ex totam. A vitae quo sint fugit nobis aut magnam. Laborum inventore dolorem incidunt ipsum omnis maxime reprehenderit.', 48, 6, '2020-03-27 18:44:52', '2020-03-27 18:44:52'),
(79, 'Necessitatibus vel libero unde architecto. Quia id recusandae esse id in. Voluptatem qui sit quisquam fugit sed cupiditate itaque. Non fuga doloribus et sint.', 36, 10, '2020-03-27 18:44:52', '2020-03-27 18:44:52'),
(80, 'Et sit cumque eveniet alias quaerat rem numquam vel. Qui eius deserunt incidunt et aut eos sunt. Quo quo quasi aut quisquam enim dicta. Aliquam delectus temporibus amet iure.', 46, 2, '2020-03-27 18:44:52', '2020-03-27 18:44:52'),
(81, 'Impedit molestias perspiciatis rerum quaerat. Aliquam et corrupti ut consequatur placeat magnam fugiat. Eaque et et illum omnis perferendis aut.', 4, 7, '2020-03-27 18:44:52', '2020-03-27 18:44:52'),
(82, 'Quia minus beatae quo quaerat minus optio reprehenderit. Odit molestiae magnam ea vero fugiat.', 26, 9, '2020-03-27 18:44:52', '2020-03-27 18:44:52'),
(83, 'Tenetur excepturi velit veniam non. Totam velit atque quis autem. Numquam modi quis et aspernatur placeat perspiciatis officia qui. Et blanditiis quo illum quam ea et.', 47, 9, '2020-03-27 18:44:52', '2020-03-27 18:44:52'),
(84, 'Maxime iste sequi ab veritatis atque maiores. Et architecto fugiat eveniet est blanditiis. Veniam ut cupiditate sapiente delectus.', 27, 5, '2020-03-27 18:44:52', '2020-03-27 18:44:52'),
(85, 'Adipisci velit officia magnam quod. Iusto cumque aut velit cumque adipisci autem recusandae. Saepe tempore quibusdam et perferendis sit voluptatem cupiditate.', 2, 8, '2020-03-27 18:44:52', '2020-03-27 18:44:52'),
(86, 'Ex ut molestias ad voluptatem quae. Dolore amet deleniti dicta ullam qui. Molestiae enim alias et saepe qui quos.', 8, 9, '2020-03-27 18:44:52', '2020-03-27 18:44:52'),
(87, 'Maxime alias magni sunt atque laboriosam. Expedita voluptatibus dolore dignissimos enim. Unde quia ut quis magnam.', 28, 5, '2020-03-27 18:44:52', '2020-03-27 18:44:52'),
(88, 'Placeat consequatur possimus dolore. Magni porro labore placeat est sit praesentium nobis sint. Nulla magni esse et sunt sunt incidunt et blanditiis. Qui et molestiae laudantium non et iusto tempora.', 23, 9, '2020-03-27 18:44:52', '2020-03-27 18:44:52'),
(89, 'Aut eum inventore consequuntur nesciunt. Aliquam amet ut non voluptatem. Autem consequatur eos odio ut. Minus voluptatem sunt veniam et illum voluptas facere.', 11, 10, '2020-03-27 18:44:52', '2020-03-27 18:44:52'),
(90, 'Nostrum corporis eum sit. Sint quo at esse sunt ea eius. Minima ullam a iusto qui. Aut dolores rerum consequuntur suscipit.', 1, 7, '2020-03-27 18:44:52', '2020-03-27 18:44:52'),
(91, 'Maxime assumenda nam suscipit maiores. Commodi omnis aliquam iusto est. Aliquam incidunt eum perferendis iure provident libero. Aut placeat aut doloribus similique molestias fugiat cumque.', 13, 4, '2020-03-27 18:44:52', '2020-03-27 18:44:52'),
(92, 'Quod molestiae dolorem nihil quis cum. Modi consequuntur nemo ut aliquam. Aut labore et velit distinctio quia. Modi soluta ipsum aut ut saepe quo inventore et.', 41, 10, '2020-03-27 18:44:52', '2020-03-27 18:44:52'),
(93, 'Non maxime eius quam et. Corporis praesentium hic ut minima facilis animi. Odio occaecati ad facilis pariatur. At ipsum illo commodi enim.', 19, 4, '2020-03-27 18:44:52', '2020-03-27 18:44:52'),
(94, 'Dolorum et est sint impedit. Reiciendis nulla voluptas eaque et corporis voluptatibus. Non commodi minima tempora eum quia deleniti odio.', 20, 6, '2020-03-27 18:44:52', '2020-03-27 18:44:52'),
(95, 'Eius officiis at aliquid iste. A neque iure qui. Dolorem possimus recusandae atque voluptate quod voluptas.', 50, 8, '2020-03-27 18:44:52', '2020-03-27 18:44:52'),
(96, 'Aut architecto adipisci non consectetur commodi. Ratione doloribus ducimus ipsam nihil incidunt vitae vitae. Mollitia praesentium molestiae beatae et unde sed qui.', 3, 4, '2020-03-27 18:44:52', '2020-03-27 18:44:52'),
(97, 'Vel id qui nihil. Quis explicabo mollitia ullam eius. Quasi consequuntur ut quaerat ipsa. Laborum voluptatem sed et possimus placeat. Aperiam molestiae voluptatem quia repellendus.', 34, 8, '2020-03-27 18:44:52', '2020-03-27 18:44:52'),
(98, 'Et quis ut nostrum similique at praesentium quia iusto. Et sit debitis sed deleniti. Ducimus aliquid vero natus harum perspiciatis doloremque culpa praesentium.', 41, 2, '2020-03-27 18:44:52', '2020-03-27 18:44:52'),
(99, 'Et officia eius explicabo. Sequi in explicabo asperiores sequi perspiciatis nisi reprehenderit. Sed aspernatur hic vero consequatur quia eum ducimus a.', 49, 8, '2020-03-27 18:44:52', '2020-03-27 18:44:52'),
(100, 'Reprehenderit ut rem ipsa sed modi labore. Ad rem deleniti eum sunt nobis. Animi a ducimus ipsum sit blanditiis labore odit. Harum sunt quia saepe eum at quo non.', 48, 10, '2020-03-27 18:44:52', '2020-03-27 18:44:52'),
(101, 'Nihil sint ea quia deserunt ut. Alias quisquam accusamus amet assumenda. Beatae eos officia quia dignissimos.', 19, 7, '2020-03-27 18:44:52', '2020-03-27 18:44:52'),
(102, 'Pariatur velit sit quia amet quasi nam officia. Velit adipisci totam reiciendis quam. Nihil similique repudiandae nesciunt id cumque consequuntur. Quis tempora enim sit reiciendis eligendi dolores.', 28, 1, '2020-03-27 18:44:52', '2020-03-27 18:44:52'),
(103, 'Repudiandae fugiat quam cum in. Quas necessitatibus in aut quidem. Explicabo sed itaque ipsa nemo. Et quia sed aut molestiae tempore quos blanditiis. Qui nesciunt numquam nisi doloremque ad qui.', 15, 9, '2020-03-27 18:44:52', '2020-03-27 18:44:52'),
(104, 'Laudantium cumque et non ratione eius est. Ut quam reprehenderit voluptates natus. Et ipsa atque temporibus quasi exercitationem tempora.', 47, 1, '2020-03-27 18:44:52', '2020-03-27 18:44:52'),
(105, 'Deleniti omnis nihil aut quia quam rerum qui. Nobis saepe temporibus sequi libero ea voluptatibus. Eaque dicta quas voluptatem sunt. Corporis natus nihil architecto vitae earum.', 5, 7, '2020-03-27 18:44:52', '2020-03-27 18:44:52'),
(106, 'Ut repellat ut quo sed illo aperiam et. Eveniet dolore molestiae non. Praesentium asperiores tempore quia voluptatem enim. Eos eos harum omnis cumque molestiae.', 13, 10, '2020-03-27 18:44:52', '2020-03-27 18:44:52'),
(107, 'Sunt doloribus nemo aut quo. Qui praesentium autem assumenda. Ut est inventore dolorem repudiandae consectetur autem. Aut sint eum sed debitis culpa facilis voluptate.', 35, 7, '2020-03-27 18:44:52', '2020-03-27 18:44:52'),
(108, 'Corrupti eveniet cum facere fuga et nihil omnis eum. Ipsa hic hic qui optio natus laudantium ipsum. Quod aliquid modi non dolorum sit.', 29, 7, '2020-03-27 18:44:52', '2020-03-27 18:44:52'),
(109, 'Sequi est eos et officiis voluptates at incidunt. Voluptatem iure quod est voluptas tenetur aliquid. Et optio quia voluptates et.', 39, 4, '2020-03-27 18:44:52', '2020-03-27 18:44:52'),
(110, 'Impedit qui autem unde eligendi sit. Exercitationem a impedit voluptas nostrum voluptate voluptas.', 19, 8, '2020-03-27 18:44:52', '2020-03-27 18:44:52'),
(111, 'Ut perspiciatis dolores qui enim. Fuga natus dolorem cupiditate in et ut rerum quis. Sint sint fugit at voluptatem voluptatem.', 32, 3, '2020-03-27 18:44:52', '2020-03-27 18:44:52'),
(112, 'Illum sit maxime magnam voluptatem. Temporibus laborum aut labore. Consequatur harum recusandae laudantium. Voluptatem voluptatibus culpa dolorum sed pariatur. Quo sunt occaecati illo numquam sit ut.', 30, 2, '2020-03-27 18:44:52', '2020-03-27 18:44:52'),
(113, 'Id occaecati expedita ad voluptatibus voluptatem. Ipsa voluptas qui enim illo odio libero et magni. Nam iusto accusamus aut ipsa deleniti totam quae ipsam.', 31, 8, '2020-03-27 18:44:52', '2020-03-27 18:44:52'),
(114, 'Impedit vitae eos laboriosam nam. Similique eos repudiandae autem aut et. Odit nostrum qui saepe. Amet corrupti fuga voluptatum dolore.', 19, 3, '2020-03-27 18:44:52', '2020-03-27 18:44:52'),
(115, 'Aliquid iure non et et molestiae ipsam atque et. Rerum voluptatem eum et perspiciatis.', 15, 1, '2020-03-27 18:44:52', '2020-03-27 18:44:52'),
(116, 'Est ut earum eos vero dolores eligendi. Ipsa ut eos non dolor modi dolore cupiditate. Beatae rerum modi ea assumenda aliquid animi dolor. Earum sint cumque ut saepe reprehenderit aut aut.', 19, 1, '2020-03-27 18:44:52', '2020-03-27 18:44:52'),
(117, 'Fuga dicta eveniet dolores dolor eos vero odit. Provident ad placeat aut aliquid. Accusamus veritatis sed fugiat modi.', 42, 8, '2020-03-27 18:44:52', '2020-03-27 18:44:52'),
(118, 'Dolor dicta qui velit et qui a. Ipsam qui doloremque a itaque corrupti non. Officia et dignissimos veniam non cumque.', 45, 4, '2020-03-27 18:44:52', '2020-03-27 18:44:52'),
(119, 'Alias ex nostrum maxime autem ea dolor sit ut. Consequatur eius debitis quos eos. Odio consectetur magni qui eaque sed esse amet. Necessitatibus maxime ex dolore autem nemo delectus.', 39, 10, '2020-03-27 18:44:52', '2020-03-27 18:44:52'),
(120, 'Velit voluptas quidem rerum sit. Ex sapiente ut quae libero. Debitis alias in cupiditate cumque ratione ullam excepturi.', 8, 2, '2020-03-27 18:44:52', '2020-03-27 18:44:52'),
(121, 'Molestiae officia similique laudantium qui ipsa. Eveniet odio laudantium pariatur eum velit iure et. Veritatis sunt sint excepturi consequatur illum velit et aliquid.', 26, 10, '2020-03-27 18:44:52', '2020-03-27 18:44:52'),
(122, 'Alias magnam nesciunt dignissimos reprehenderit esse aut sit. Accusamus et dolor eligendi sequi. Eos illum qui vitae ratione in.', 2, 6, '2020-03-27 18:44:52', '2020-03-27 18:44:52'),
(123, 'Et aut nihil laboriosam ipsam ut. Unde adipisci eius id quam. Doloremque ad excepturi officia nostrum incidunt ut. Voluptatem sit consequatur repudiandae nulla dignissimos asperiores delectus.', 33, 7, '2020-03-27 18:44:52', '2020-03-27 18:44:52'),
(124, 'Iste velit et non dolore. Velit sequi omnis ut. Quis modi a culpa assumenda. Est ad debitis iure consequuntur rerum veritatis sunt placeat.', 20, 2, '2020-03-27 18:44:52', '2020-03-27 18:44:52'),
(125, 'Incidunt ad non est necessitatibus voluptatem. Error ratione omnis placeat modi totam inventore sint. Ipsa voluptates aliquam illo libero et mollitia expedita illum.', 9, 3, '2020-03-27 18:44:52', '2020-03-27 18:44:52'),
(126, 'Dignissimos et quaerat omnis enim facere itaque at. Commodi possimus ut consectetur atque nobis pariatur. Corporis sed dignissimos et unde itaque saepe occaecati non. Iusto veritatis error eos iure.', 18, 6, '2020-03-27 18:44:52', '2020-03-27 18:44:52'),
(127, 'Officia aut dicta qui labore. Repellendus ea illum aut. Cupiditate necessitatibus perspiciatis nam inventore. Et aliquam repellendus vitae deserunt qui non sapiente.', 23, 8, '2020-03-27 18:44:53', '2020-03-27 18:44:53'),
(128, 'Iusto doloremque maiores vel suscipit rem dolor. Sit ad aut omnis dignissimos. Aperiam dolorum enim necessitatibus. Facere consectetur sunt officiis architecto ut.', 24, 5, '2020-03-27 18:44:53', '2020-03-27 18:44:53'),
(129, 'Necessitatibus doloremque nulla voluptatem amet. Natus omnis accusamus rerum laborum aut est doloremque. Dolorem animi vel odit quia.', 35, 2, '2020-03-27 18:44:53', '2020-03-27 18:44:53'),
(130, 'Facilis ut autem voluptas id quaerat modi. Ut eaque pariatur ab doloribus. Est sapiente sit iste et aut amet.', 41, 10, '2020-03-27 18:44:53', '2020-03-27 18:44:53'),
(131, 'Ad fugiat et id rem omnis incidunt. Architecto accusantium est facere aspernatur. Nemo est rerum consequatur quis.', 4, 8, '2020-03-27 18:44:53', '2020-03-27 18:44:53'),
(132, 'Dolorum omnis sed aut enim qui est ut. Nostrum impedit nemo eos non. Sit earum voluptatum enim ut quia soluta magni.', 49, 10, '2020-03-27 18:44:53', '2020-03-27 18:44:53'),
(133, 'Enim aut rerum est. Doloribus est rerum voluptatum et exercitationem tenetur nesciunt. Qui ut maxime aliquid autem. Amet ut dolores harum quibusdam.', 43, 4, '2020-03-27 18:44:53', '2020-03-27 18:44:53'),
(134, 'Vitae ad ea similique animi tempore sapiente laborum. Ad error rerum voluptatem nobis iure et enim.', 43, 1, '2020-03-27 18:44:53', '2020-03-27 18:44:53'),
(135, 'Qui quis quae fuga dolores dignissimos rerum. Ipsam veritatis et fugiat. Amet quia et non facere ipsa saepe tempore. Ut aut numquam mollitia ut quo qui. Aperiam ipsa aut odio aut officia.', 49, 4, '2020-03-27 18:44:53', '2020-03-27 18:44:53'),
(136, 'Fugiat similique ut distinctio numquam. Et quam qui facilis ratione enim iste. Ab provident odit nihil et necessitatibus et ducimus nobis.', 43, 4, '2020-03-27 18:44:53', '2020-03-27 18:44:53'),
(137, 'Ratione tempore excepturi corporis nam. Ullam ratione accusamus minima eligendi sequi quia mollitia. Eius fuga voluptatem et.', 49, 6, '2020-03-27 18:44:53', '2020-03-27 18:44:53'),
(138, 'Sapiente sit sit eos dolores dolore. Beatae voluptatem iste totam recusandae.', 24, 7, '2020-03-27 18:44:53', '2020-03-27 18:44:53'),
(139, 'Quia unde saepe quaerat adipisci. Sint unde aut consectetur culpa et doloremque nihil. Omnis culpa nam nemo et cum. Repellendus cumque dicta consectetur et qui velit eum perferendis.', 27, 2, '2020-03-27 18:44:53', '2020-03-27 18:44:53'),
(140, 'Ut necessitatibus nostrum velit et impedit est fugiat voluptatem. Qui expedita molestiae iure aperiam. Quas aut ex vitae maxime quibusdam.', 16, 9, '2020-03-27 18:44:53', '2020-03-27 18:44:53'),
(141, 'Cupiditate iusto quibusdam reiciendis voluptates accusantium cumque vitae id. Architecto id est assumenda voluptatem harum. Enim facilis quia dolorem voluptatem laboriosam.', 24, 2, '2020-03-27 18:44:53', '2020-03-27 18:44:53'),
(142, 'Rem veniam quis beatae iure cupiditate. Suscipit qui ad deserunt eaque illo. Qui unde et repellendus aliquid incidunt dolorum voluptatum. Recusandae repellat perferendis quis quae totam.', 35, 5, '2020-03-27 18:44:53', '2020-03-27 18:44:53'),
(143, 'Iste et est tempora. Fugiat aut sed dolorem ut. Enim dolor eos quos exercitationem. Eos est nisi quaerat omnis. Ut est fugiat debitis molestias facere.', 36, 9, '2020-03-27 18:44:53', '2020-03-27 18:44:53'),
(144, 'Assumenda architecto ut architecto illo. Ratione autem quo omnis fuga quisquam non. Sit deserunt corrupti at odit. Placeat sit natus dolores impedit est.', 12, 7, '2020-03-27 18:44:53', '2020-03-27 18:44:53'),
(145, 'Temporibus illum harum enim qui. Voluptatem impedit et et quisquam esse necessitatibus. Odit eos consequatur non aperiam.', 34, 1, '2020-03-27 18:44:53', '2020-03-27 18:44:53'),
(146, 'Dolores tempore nam qui sit sint id voluptas. Id omnis eos dolor numquam possimus qui.', 12, 7, '2020-03-27 18:44:53', '2020-03-27 18:44:53'),
(147, 'Tempora nam aut voluptatem odio quaerat. Necessitatibus sit enim qui pariatur laudantium. Dolores vel et dolore qui.', 23, 3, '2020-03-27 18:44:53', '2020-03-27 18:44:53'),
(148, 'Alias quod eos dolores est. Quisquam ut autem quasi autem molestiae incidunt sit. Perferendis rerum esse voluptatem dolores.', 42, 4, '2020-03-27 18:44:53', '2020-03-27 18:44:53'),
(149, 'Asperiores rem voluptates quae quo exercitationem esse. Et excepturi accusamus ullam maxime. Perspiciatis voluptas nisi eos rerum.', 48, 10, '2020-03-27 18:44:53', '2020-03-27 18:44:53'),
(150, 'Eum possimus dolor dolor qui vero quasi quasi. Fuga quod dolor enim molestiae. Voluptatibus aut deleniti est hic eos vel nemo voluptatem.', 42, 6, '2020-03-27 18:44:53', '2020-03-27 18:44:53'),
(151, 'Repudiandae sequi dolores nostrum autem tempore. In eos repudiandae nesciunt molestias quas. Sunt non aspernatur et enim voluptatem neque. Voluptatem aut molestias similique deleniti vel reiciendis.', 20, 9, '2020-03-27 18:44:53', '2020-03-27 18:44:53'),
(152, 'Qui iusto fugit recusandae expedita. Quia nobis sit porro et. Culpa deleniti repellendus molestias a eligendi. Perferendis nostrum molestiae sit autem aut.', 39, 4, '2020-03-27 18:44:53', '2020-03-27 18:44:53'),
(153, 'Itaque dolorum corporis magnam cum nesciunt hic. Et nemo fugit laborum. Rem quo labore facilis. Est pariatur quibusdam et. Accusamus iusto eos voluptatem minus.', 47, 10, '2020-03-27 18:44:53', '2020-03-27 18:44:53'),
(154, 'Voluptates sunt veritatis quia voluptatem odit autem aperiam. Dolore modi quod minus itaque exercitationem. Fugiat natus omnis qui impedit corporis eos non cupiditate.', 42, 3, '2020-03-27 18:44:53', '2020-03-27 18:44:53'),
(155, 'Sunt illum commodi ut quia nam non. Non maxime dolor voluptas quo. Et neque nam soluta inventore porro. Maxime dolorum iste voluptatem qui aspernatur.', 32, 1, '2020-03-27 18:44:53', '2020-03-27 18:44:53'),
(156, 'Distinctio laborum debitis animi. Nihil amet quasi non blanditiis omnis dolor cumque suscipit. Sunt esse ea in rerum reiciendis.', 5, 7, '2020-03-27 18:44:53', '2020-03-27 18:44:53'),
(157, 'Exercitationem tempore ullam unde ea cumque. Perferendis tempora et adipisci vero modi deleniti eos dolorem. Quasi nam quod dolore sequi. Deleniti a nemo numquam ea ut explicabo omnis.', 46, 2, '2020-03-27 18:44:53', '2020-03-27 18:44:53'),
(158, 'Est dolores voluptas quo distinctio. Quo tenetur atque ut alias assumenda. Voluptates odit eos delectus quos eum ipsam. Hic libero reprehenderit et ex similique voluptas.', 42, 4, '2020-03-27 18:44:53', '2020-03-27 18:44:53'),
(159, 'Consequatur eius dolorum aut pariatur molestiae optio dicta. Aut ut quos soluta magni doloremque et eaque. Velit labore similique dolorum est aut laudantium. Vero vel et quo sed.', 25, 4, '2020-03-27 18:44:53', '2020-03-27 18:44:53'),
(160, 'Ullam dolor qui at neque dolorem dolorem dolores. Vero sit sed voluptas laboriosam id quos vitae.', 28, 10, '2020-03-27 18:44:53', '2020-03-27 18:44:53'),
(161, 'Sequi dicta itaque iure dolorem voluptatem quia. Voluptatem quo voluptas tempore et tempore voluptas. Fuga voluptatem aliquam est quam. Iusto laborum hic quae.', 20, 9, '2020-03-27 18:44:53', '2020-03-27 18:44:53'),
(162, 'Similique sit qui voluptatem ipsam. Ipsam odio qui ut at laborum a non quod. Mollitia qui sint enim et blanditiis blanditiis consequatur rerum.', 33, 5, '2020-03-27 18:44:53', '2020-03-27 18:44:53'),
(163, 'Tempore ab impedit aliquam cupiditate reiciendis. Sapiente fugit possimus qui sint. Sapiente sunt adipisci perspiciatis laudantium voluptates eius dolor. Porro qui quasi doloremque et harum ipsa.', 32, 4, '2020-03-27 18:44:53', '2020-03-27 18:44:53'),
(164, 'Rerum quaerat et expedita aspernatur velit. Odio quas consequatur enim nihil ratione molestiae. Doloremque sit consequatur in exercitationem rerum. Molestiae aut consequuntur aliquid quo.', 10, 5, '2020-03-27 18:44:53', '2020-03-27 18:44:53'),
(165, 'Sed quis quia consequatur iusto. Explicabo ut omnis numquam doloribus. Cum non sed est saepe.', 48, 2, '2020-03-27 18:44:53', '2020-03-27 18:44:53'),
(166, 'Culpa eaque quidem sed rerum. Unde delectus et quibusdam quae quae. Vitae aut quia quo repellat beatae fuga eaque. Nisi a eum facere omnis sed.', 16, 10, '2020-03-27 18:44:53', '2020-03-27 18:44:53'),
(167, 'Et fuga consequatur dolor atque ea. Architecto repellat non ut qui harum rerum at voluptatem. Sit quia ipsa incidunt. Eos asperiores aliquam perspiciatis ducimus.', 30, 9, '2020-03-27 18:44:53', '2020-03-27 18:44:53'),
(168, 'Commodi asperiores tempora nobis fugiat consequatur totam inventore. Sed blanditiis sapiente eos et ad consequuntur itaque. Expedita et voluptas itaque. Aliquid dolores non vitae.', 49, 7, '2020-03-27 18:44:53', '2020-03-27 18:44:53'),
(169, 'Earum ut et qui sit. Impedit sed quia veritatis nihil error quae. Vel dignissimos quia iste reiciendis qui dolorem ipsam. Quia eum quasi beatae exercitationem voluptatum aut.', 16, 6, '2020-03-27 18:44:53', '2020-03-27 18:44:53'),
(170, 'Asperiores consequuntur ex non aut incidunt. Sint molestiae autem sint nihil maiores debitis libero.', 8, 2, '2020-03-27 18:44:53', '2020-03-27 18:44:53'),
(171, 'Aut eius rerum ut laborum harum illum. Soluta sequi qui aut ut. Culpa quas error debitis qui voluptatem. Illum tenetur facere ipsam commodi.', 6, 3, '2020-03-27 18:44:53', '2020-03-27 18:44:53'),
(172, 'Sint odit libero accusamus incidunt. Omnis et sunt in sint iure atque iure. Perspiciatis eius consequatur qui atque.', 27, 5, '2020-03-27 18:44:53', '2020-03-27 18:44:53'),
(173, 'Numquam soluta dolor modi tenetur. Eligendi sed qui eligendi commodi ut. Accusamus maxime totam nemo aperiam explicabo nulla facere. Odit sed ut sed quod ab ullam.', 19, 1, '2020-03-27 18:44:53', '2020-03-27 18:44:53'),
(174, 'Est quaerat cupiditate non. Incidunt nobis natus sed sequi voluptate nihil rerum. Et sed rerum magni minima laudantium numquam explicabo. Quasi aut sit sapiente.', 49, 3, '2020-03-27 18:44:53', '2020-03-27 18:44:53'),
(175, 'Dolore deserunt error et et voluptatibus numquam aut. Aliquid saepe dolor est nam eos. Voluptatem aspernatur nemo aliquam animi.', 18, 1, '2020-03-27 18:44:53', '2020-03-27 18:44:53'),
(176, 'Et aliquam non ut praesentium exercitationem. Atque sint sit eum natus et est. Dolor delectus culpa debitis quia exercitationem qui. Ut blanditiis aut repellendus hic necessitatibus omnis est ipsa.', 5, 3, '2020-03-27 18:44:53', '2020-03-27 18:44:53'),
(177, 'Veritatis corrupti quo nihil in. Dolores rem deserunt rerum minus quidem eos fuga. Incidunt vero et adipisci sed.', 49, 10, '2020-03-27 18:44:53', '2020-03-27 18:44:53'),
(178, 'Earum error sed libero. Cupiditate sequi pariatur officia dolorem. Consequuntur repellendus et ad cumque iure. Sapiente laborum qui sit libero.', 28, 1, '2020-03-27 18:44:53', '2020-03-27 18:44:53'),
(179, 'Id sapiente delectus optio delectus quis et voluptates. In et placeat qui assumenda vel dignissimos consequuntur sequi. Ipsam et quod est. Pariatur rerum quam dicta qui.', 37, 1, '2020-03-27 18:44:53', '2020-03-27 18:44:53'),
(180, 'Sapiente labore saepe ab placeat impedit nesciunt quaerat. Voluptatibus esse aut quod aperiam iure temporibus. Voluptatem nemo iusto mollitia optio unde odio.', 36, 10, '2020-03-27 18:44:53', '2020-03-27 18:44:53'),
(181, 'Voluptatem ut natus possimus totam rerum. Porro ipsum sit expedita repellat atque nam dicta. Minima ut atque nobis praesentium expedita sit. Sit aut dolorem laborum rerum.', 15, 8, '2020-03-27 18:44:53', '2020-03-27 18:44:53'),
(182, 'Nihil quae voluptatem possimus omnis natus. Delectus odit iste illum iusto. Aperiam temporibus eveniet eveniet sit.', 29, 5, '2020-03-27 18:44:53', '2020-03-27 18:44:53'),
(183, 'Distinctio tempora sit commodi quo eius. Aut et voluptatum voluptates autem nesciunt aut. Doloremque rerum rerum voluptatum minus repellat.', 11, 5, '2020-03-27 18:44:53', '2020-03-27 18:44:53'),
(184, 'Cum ut et tenetur assumenda sit culpa. Est dolorum fuga aut consectetur accusantium. Quo ex ut quo qui ipsam.', 2, 7, '2020-03-27 18:44:53', '2020-03-27 18:44:53'),
(185, 'Quo accusantium delectus dolores necessitatibus eos officia non. Aliquid magni eius dignissimos quibusdam. Et ea minima autem.', 21, 1, '2020-03-27 18:44:53', '2020-03-27 18:44:53'),
(186, 'Et ut mollitia officiis soluta quo sit explicabo. Eveniet sunt sint commodi. A id non dolorem beatae vitae.', 41, 7, '2020-03-27 18:44:53', '2020-03-27 18:44:53'),
(187, 'Autem doloribus velit sit sed earum placeat minus. Rerum est dolor voluptas vitae. Aut accusamus rerum recusandae quia voluptatem odio consequatur beatae.', 5, 4, '2020-03-27 18:44:53', '2020-03-27 18:44:53'),
(188, 'Est itaque at est adipisci ab consequuntur. Illum consectetur hic quia. Ut et natus doloribus quia ipsam. Iusto sed laudantium modi voluptates quod aut.', 21, 2, '2020-03-27 18:44:53', '2020-03-27 18:44:53'),
(189, 'Iure dolorem voluptas doloribus repudiandae. Sit non ut et ad. Deserunt esse enim quis eligendi consequatur accusantium tempora. Quasi enim dolor velit dignissimos error.', 5, 1, '2020-03-27 18:44:53', '2020-03-27 18:44:53'),
(190, 'Deleniti aspernatur veniam a voluptatibus quis. Consequuntur aliquam quae sed. Iure aut aliquid quo ipsum.', 13, 10, '2020-03-27 18:44:53', '2020-03-27 18:44:53'),
(191, 'Et quam qui autem enim dolorem provident. Minus sunt et molestiae numquam. Vero numquam quia ut voluptas praesentium vero ipsa totam.', 35, 7, '2020-03-27 18:44:53', '2020-03-27 18:44:53'),
(192, 'In repudiandae quibusdam et nemo voluptatem. Nesciunt minima similique reiciendis recusandae reprehenderit unde temporibus. Ex aut officiis architecto delectus.', 44, 5, '2020-03-27 18:44:53', '2020-03-27 18:44:53'),
(193, 'Maiores voluptate est sequi modi natus soluta pariatur. Consequatur est id vel veniam eligendi voluptatem. Tempore repellat quod officia totam.', 9, 10, '2020-03-27 18:44:53', '2020-03-27 18:44:53'),
(194, 'Sequi quasi similique adipisci. Quae eius eos et consectetur aut in et. Facere unde reiciendis blanditiis pariatur dolore in dolor.', 40, 10, '2020-03-27 18:44:53', '2020-03-27 18:44:53'),
(195, 'Sint nihil delectus ab suscipit quia est omnis modi. Inventore cupiditate architecto sed dolor consectetur qui qui. Eos occaecati et eius voluptas explicabo.', 49, 6, '2020-03-27 18:44:53', '2020-03-27 18:44:53'),
(196, 'Aut aut deserunt et nesciunt. Repudiandae ut et minus eveniet. Nam nisi et pariatur et rerum.', 2, 1, '2020-03-27 18:44:53', '2020-03-27 18:44:53'),
(197, 'In voluptas quis ab ea architecto. Sunt ea dolorem voluptatibus deserunt voluptates aut fugiat omnis. Iure dolor saepe enim nisi.', 31, 5, '2020-03-27 18:44:53', '2020-03-27 18:44:53'),
(198, 'Aliquam et doloremque est nihil amet. Ad quasi et ipsum omnis. Fugiat nemo possimus eligendi eum occaecati. Qui totam quibusdam tempora.', 17, 5, '2020-03-27 18:44:53', '2020-03-27 18:44:53'),
(199, 'Animi est adipisci excepturi velit quaerat nam. Rerum inventore blanditiis id sit dolor sint. Rem earum incidunt itaque accusamus.', 38, 1, '2020-03-27 18:44:53', '2020-03-27 18:44:53'),
(200, 'Neque voluptatem minus a. Ab ipsum amet odio possimus unde harum. Sit velit accusantium velit ea earum dicta.', 26, 9, '2020-03-27 18:44:53', '2020-03-27 18:44:53'),
(201, 'Nam et ut sint illo et sequi alias. Ea ad beatae iusto ullam.', 47, 8, '2020-03-27 18:44:53', '2020-03-27 18:44:53'),
(202, 'Ipsam officia libero non quibusdam veritatis sapiente accusamus in. Sint repudiandae quo molestiae molestiae sed.', 8, 5, '2020-03-27 18:44:53', '2020-03-27 18:44:53'),
(203, 'Dolorem nulla deserunt amet dignissimos omnis id placeat. Velit repellat vitae culpa incidunt. Doloremque ipsa aperiam voluptate. Est recusandae consequatur nihil.', 25, 5, '2020-03-27 18:44:53', '2020-03-27 18:44:53'),
(204, 'Consectetur aperiam magni delectus consequatur. Velit aspernatur voluptatum rerum minus a consequatur. Omnis quam eaque qui nulla qui sapiente temporibus eius.', 11, 1, '2020-03-27 18:44:53', '2020-03-27 18:44:53'),
(205, 'Sunt occaecati a est qui quis. Eum dolorem officia ipsam culpa quia. In labore quo ab.', 37, 6, '2020-03-27 18:44:53', '2020-03-27 18:44:53'),
(206, 'Voluptatem numquam hic voluptates eum. Necessitatibus quaerat rerum aspernatur eaque. Praesentium quia molestiae qui quae sed. Illo modi sed ex atque. Repellendus ea tenetur maiores sunt.', 27, 5, '2020-03-27 18:44:53', '2020-03-27 18:44:53'),
(207, 'Illo quam est inventore eum perferendis quas. Quisquam et error voluptates sit velit suscipit. Reiciendis adipisci veniam maxime quisquam nulla inventore optio.', 26, 9, '2020-03-27 18:44:53', '2020-03-27 18:44:53'),
(208, 'Quis voluptatem molestiae asperiores et et eveniet incidunt. Earum itaque quas esse reprehenderit ipsam accusantium enim. Dolores sequi deleniti quia quisquam et dicta corrupti consequatur.', 17, 3, '2020-03-27 18:44:53', '2020-03-27 18:44:53'),
(209, 'Quis quidem amet nulla commodi autem rerum. Aut quo aspernatur sequi nisi. Dolorem dolores qui qui ducimus.', 2, 3, '2020-03-27 18:44:53', '2020-03-27 18:44:53'),
(210, 'Laboriosam voluptatibus ut rerum dolor libero itaque ipsam. Ipsam doloribus reiciendis voluptatem qui. Qui soluta ea repellendus eos non provident reprehenderit eum. Sint enim quia eum impedit.', 25, 4, '2020-03-27 18:44:53', '2020-03-27 18:44:53'),
(211, 'Inventore ut beatae nostrum libero aut maiores. Explicabo officia vitae error repellat reprehenderit laboriosam magnam. Est ab at rerum odit temporibus voluptatum aut.', 9, 1, '2020-03-27 18:44:53', '2020-03-27 18:44:53'),
(212, 'Et tempora aliquam est architecto libero a. Mollitia nobis maxime deleniti vitae.', 33, 1, '2020-03-27 18:44:53', '2020-03-27 18:44:53'),
(213, 'Quo voluptatum et in assumenda quam temporibus. Aliquam ratione et dicta modi ducimus. Repellat dolorum hic enim distinctio magni ab. Ex ut et quia hic.', 22, 4, '2020-03-27 18:44:53', '2020-03-27 18:44:53'),
(214, 'Tempora et est repudiandae soluta ex illum aut ipsum. Sint dolores nisi aperiam quia porro aut. Vel voluptas quo qui quod tenetur non non. Eos dolorem et deserunt minima.', 7, 10, '2020-03-27 18:44:53', '2020-03-27 18:44:53'),
(215, 'Dolor quibusdam saepe voluptas mollitia accusantium. Omnis ut dolores nihil sit fuga. Consequatur officia unde porro omnis optio.', 35, 5, '2020-03-27 18:44:53', '2020-03-27 18:44:53'),
(216, 'Facilis et architecto ab sint fugiat illum rerum sint. Consectetur omnis repellendus ipsum laborum dolores sed quia. Natus qui delectus et consequatur.', 37, 9, '2020-03-27 18:44:53', '2020-03-27 18:44:53'),
(217, 'Hic et harum doloribus quasi dolor aliquid. Sed numquam et ea tempora ipsa ut. Eum hic qui consectetur qui autem sit. Deserunt dolores commodi quia deleniti optio id qui.', 16, 7, '2020-03-27 18:44:53', '2020-03-27 18:44:53'),
(218, 'Est ad illum nostrum iure qui perspiciatis illo. Modi tempore quam ab magnam consequatur eos voluptatem.', 8, 9, '2020-03-27 18:44:53', '2020-03-27 18:44:53'),
(219, 'Officiis est nesciunt iusto modi. Numquam ducimus impedit explicabo recusandae. Modi consectetur dolorum adipisci rerum quasi. Eveniet necessitatibus qui quisquam quasi aut velit placeat.', 34, 8, '2020-03-27 18:44:53', '2020-03-27 18:44:53'),
(220, 'Quia optio necessitatibus ipsa aut. Architecto qui nam explicabo in ut harum quas. Blanditiis voluptatem quisquam ut inventore et incidunt corporis. Est dolor est neque consequatur.', 32, 10, '2020-03-27 18:44:53', '2020-03-27 18:44:53'),
(221, 'Ut earum enim aut quo quis. Enim enim magnam libero. Tempora ut ducimus veniam a optio rerum est.', 28, 5, '2020-03-27 18:44:53', '2020-03-27 18:44:53'),
(222, 'Adipisci minus distinctio aliquam sapiente totam beatae iusto. Dolore alias rem quis dignissimos nulla reprehenderit accusamus dignissimos.', 37, 6, '2020-03-27 18:44:53', '2020-03-27 18:44:53'),
(223, 'Nisi enim sapiente beatae tempore. Aut explicabo corrupti unde quia optio voluptate. Quae sed optio dolorem. Dolore pariatur voluptatibus ut est et id.', 17, 8, '2020-03-27 18:44:53', '2020-03-27 18:44:53'),
(224, 'Maxime et eligendi corporis autem. Dolorum qui iusto quibusdam sit.', 49, 1, '2020-03-27 18:44:53', '2020-03-27 18:44:53'),
(225, 'Aut laborum saepe cum officiis rerum natus. Id vel ut quisquam qui. Fugiat quis molestiae qui et quasi aut. Nesciunt voluptas qui aut odit possimus.', 33, 5, '2020-03-27 18:44:53', '2020-03-27 18:44:53'),
(226, 'Voluptatum amet quo enim amet. Voluptatem similique voluptatibus impedit recusandae a nulla praesentium. Odit praesentium sequi nostrum eum sed et voluptatibus.', 33, 10, '2020-03-27 18:44:53', '2020-03-27 18:44:53'),
(227, 'Qui itaque ad veniam nostrum accusantium. Et est fugiat nihil. Doloremque laborum amet autem molestiae enim. Provident quos et enim commodi consequuntur necessitatibus cumque.', 47, 5, '2020-03-27 18:44:53', '2020-03-27 18:44:53'),
(228, 'Et quia et minima quidem eveniet rerum. Voluptatum omnis eius asperiores occaecati quis repellendus in. Tenetur vel aliquam hic aut.', 12, 8, '2020-03-27 18:44:53', '2020-03-27 18:44:53'),
(229, 'Id maxime est consequatur labore voluptatem sed blanditiis. Maiores qui eum velit veritatis. Mollitia quo et rerum et non.', 27, 5, '2020-03-27 18:44:53', '2020-03-27 18:44:53'),
(230, 'Tenetur sint id consequatur voluptas quia dolorum. Molestiae ducimus sunt recusandae aut quia. Enim sit eligendi illo qui nemo sed sed.', 37, 2, '2020-03-27 18:44:53', '2020-03-27 18:44:53'),
(231, 'Sint eius asperiores eos. Qui est sit nesciunt. At repellendus similique architecto.', 19, 8, '2020-03-27 18:44:53', '2020-03-27 18:44:53'),
(232, 'Ipsam dicta iste sint sit esse alias. Aut et id ut exercitationem id eveniet. Odit facilis nesciunt nemo enim sit est ducimus.', 3, 7, '2020-03-27 18:44:53', '2020-03-27 18:44:53'),
(233, 'Cupiditate ut accusamus enim aut maiores. Magnam atque facilis vel minus. Laudantium autem sunt dicta id libero. Reiciendis ratione porro optio autem qui.', 34, 2, '2020-03-27 18:44:53', '2020-03-27 18:44:53'),
(234, 'Eaque sit et commodi omnis ut et cumque. Repellat quaerat rerum ipsum eius odit. Molestiae distinctio sed quia velit et perspiciatis voluptatibus laudantium.', 45, 3, '2020-03-27 18:44:53', '2020-03-27 18:44:53'),
(235, 'Delectus voluptatem voluptas aut quia aut velit. Dolores placeat sapiente id incidunt mollitia ut.', 45, 4, '2020-03-27 18:44:53', '2020-03-27 18:44:53'),
(236, 'Ipsum dolor omnis ducimus itaque nobis aut. Assumenda pariatur similique consequatur harum ipsum eaque. Adipisci corrupti et id vitae molestiae dolore quidem. Dolores ea delectus dolorum quis.', 38, 2, '2020-03-27 18:44:53', '2020-03-27 18:44:53'),
(237, 'Harum adipisci ea magni non sunt unde. Reprehenderit dicta nihil ex minus porro ut ad dolorem. Nihil distinctio omnis occaecati id. Pariatur doloribus ipsum velit quia necessitatibus.', 6, 9, '2020-03-27 18:44:53', '2020-03-27 18:44:53'),
(238, 'Magni nihil nihil consequatur ut placeat incidunt asperiores. Consequatur nulla architecto id ut. Laudantium quaerat molestias dolore aliquid vel est non. Pariatur voluptas voluptas iusto iusto in.', 13, 2, '2020-03-27 18:44:53', '2020-03-27 18:44:53');
INSERT INTO `replies` (`id`, `body`, `question_id`, `user_id`, `created_at`, `updated_at`) VALUES
(239, 'Ut in porro omnis ratione. Aliquid aut esse nobis velit nisi. Odio fugiat veniam quisquam amet. Qui similique soluta numquam et enim. Harum incidunt delectus tempore minima.', 37, 4, '2020-03-27 18:44:53', '2020-03-27 18:44:53'),
(240, 'Adipisci aut dolores consequatur ut. Molestiae quos ut ipsa cum.', 23, 2, '2020-03-27 18:44:53', '2020-03-27 18:44:53'),
(241, 'Aut itaque esse eligendi. Commodi assumenda veniam voluptatem ratione corrupti ea. Sequi accusamus labore fugiat aut dolores.', 38, 4, '2020-03-27 18:44:53', '2020-03-27 18:44:53'),
(242, 'Non magni id consequatur. Animi reprehenderit tempore sit eveniet in. Eos fugit alias quisquam ratione aut quasi alias. Eaque et quasi laborum quasi. Reprehenderit iure saepe velit.', 44, 2, '2020-03-27 18:44:53', '2020-03-27 18:44:53'),
(243, 'Unde temporibus enim repellat dolorem. Nihil rerum dolorem dolores et dolores explicabo. Quae nam est sint repudiandae dolores quas sint laudantium.', 39, 10, '2020-03-27 18:44:53', '2020-03-27 18:44:53'),
(244, 'Quam dolorem voluptatem itaque voluptatem consequatur. Cum quasi quisquam magni provident voluptate vel sit. Dolor voluptate sit est sunt aliquid eos dolor.', 7, 9, '2020-03-27 18:44:53', '2020-03-27 18:44:53'),
(245, 'Est quae excepturi expedita culpa optio corporis. Soluta dicta assumenda est. Ad sit tenetur eligendi laborum. Iusto aspernatur nisi earum quas dicta. In sed odio quia doloribus fugit.', 31, 1, '2020-03-27 18:44:53', '2020-03-27 18:44:53'),
(246, 'Non ut rerum necessitatibus odit est. Et odit laudantium sunt voluptas aut vel. Consequatur fugit molestiae et temporibus.', 45, 9, '2020-03-27 18:44:53', '2020-03-27 18:44:53'),
(247, 'Dolores id occaecati velit placeat veniam est distinctio. Enim reprehenderit molestiae atque placeat et. Et praesentium possimus modi sit aut. Magnam et dolorum doloribus.', 49, 9, '2020-03-27 18:44:53', '2020-03-27 18:44:53'),
(248, 'Eum repellendus iusto eum perferendis eum magnam molestiae. Adipisci quam est at veniam minima qui. Animi consequuntur fuga at. Laboriosam harum nihil dolores a a maxime praesentium.', 7, 5, '2020-03-27 18:44:53', '2020-03-27 18:44:53'),
(249, 'Magni rerum deserunt labore eos eum soluta quia. Quam culpa et dolores. Perspiciatis veniam repellendus consequatur iste.', 39, 7, '2020-03-27 18:44:53', '2020-03-27 18:44:53'),
(250, 'Eum autem sint neque enim. Qui et quis ipsa numquam. Aut laboriosam ea ullam pariatur. Omnis non itaque consequatur et.', 16, 8, '2020-03-27 18:44:53', '2020-03-27 18:44:53'),
(251, 'Enim quis ducimus non natus. Repellendus omnis et rem non assumenda. Repellendus unde in itaque cum.', 49, 2, '2020-03-27 18:44:53', '2020-03-27 18:44:53'),
(252, 'Nemo sit ut magnam delectus officiis maxime. Reiciendis tenetur voluptas nihil dolore id aut. Praesentium fugit asperiores fugiat.', 33, 7, '2020-03-27 18:44:53', '2020-03-27 18:44:53'),
(253, 'Sint vel porro atque deserunt. Aut autem consequatur natus voluptatibus voluptas quas. Ea qui vel amet et.', 32, 8, '2020-03-27 18:44:53', '2020-03-27 18:44:53'),
(254, 'Omnis qui accusantium est a. Quisquam ut ut eos. Nisi dolorum quas qui ex omnis.', 12, 2, '2020-03-27 18:44:53', '2020-03-27 18:44:53'),
(255, 'Tempora odio dolores et et. Dicta sint ea incidunt id. Non est at voluptatem et illum consequatur. Laboriosam ratione modi quis eum rem ex.', 2, 1, '2020-03-27 18:44:53', '2020-03-27 18:44:53'),
(256, 'Qui sequi ex quo aut rerum aliquam. Totam enim esse distinctio quia tempore. Est consequatur sequi consequatur in ut.', 46, 4, '2020-03-27 18:44:53', '2020-03-27 18:44:53'),
(257, 'Itaque perferendis odio voluptas maxime commodi animi. Quo deleniti placeat nobis. Eligendi aut tenetur voluptatibus in facilis illum et. Sed minima quod animi ipsam ut et.', 30, 8, '2020-03-27 18:44:53', '2020-03-27 18:44:53'),
(258, 'Aut molestiae architecto corporis in ea. Vitae sunt ab veniam odio quae. Consequatur aut tempore quia voluptates perferendis quia. Voluptatum ipsum rerum in incidunt.', 34, 4, '2020-03-27 18:44:53', '2020-03-27 18:44:53'),
(259, 'Ex et sequi doloribus sunt blanditiis esse asperiores. Necessitatibus sit ut mollitia impedit veritatis maxime. Ut quis excepturi eligendi. Quod accusamus voluptatem ut nemo eligendi est.', 9, 9, '2020-03-27 18:44:53', '2020-03-27 18:44:53'),
(260, 'Ab dolores consequuntur commodi quos. Laudantium et minima et omnis omnis doloribus. Suscipit ut maxime mollitia perspiciatis.', 47, 8, '2020-03-27 18:44:53', '2020-03-27 18:44:53'),
(261, 'Esse a ut ad nulla quam expedita ut dolor. Voluptas autem excepturi modi rerum ipsam culpa inventore expedita. Aliquid officiis nostrum sapiente culpa deserunt neque sint.', 9, 9, '2020-03-27 18:44:53', '2020-03-27 18:44:53'),
(262, 'Qui voluptate voluptas eius. Omnis exercitationem tenetur qui eaque tempore aspernatur est. Quo eaque aspernatur dolores quia laudantium. Ea nobis quis fugiat dignissimos.', 13, 10, '2020-03-27 18:44:53', '2020-03-27 18:44:53'),
(263, 'Eum dignissimos quod eos numquam facere velit deserunt. Sed quos eligendi impedit quia omnis ipsam inventore ut. Aut aut ut aut maxime. Ut repudiandae culpa et aut optio mollitia facere.', 34, 3, '2020-03-27 18:44:53', '2020-03-27 18:44:53'),
(264, 'Voluptas eligendi voluptas impedit quo officiis rerum. Dolores non rem sapiente et laborum velit et. Iure et voluptatem illum facilis dolores enim ab.', 35, 6, '2020-03-27 18:44:53', '2020-03-27 18:44:53'),
(265, 'Id iste facere dolor ut ipsa. Adipisci dolorem laborum voluptatibus omnis beatae ut ipsam. At quae praesentium pariatur et qui. Et ducimus ut et neque quos blanditiis.', 48, 6, '2020-03-27 18:44:53', '2020-03-27 18:44:53'),
(266, 'Dignissimos similique vel iure voluptatem sed. Quis quia laborum pariatur quibusdam laborum provident occaecati. Cumque est culpa ab qui et itaque commodi. Minima exercitationem et et.', 27, 4, '2020-03-27 18:44:53', '2020-03-27 18:44:53'),
(267, 'Eius sunt quis optio rerum porro accusamus voluptatem perspiciatis. Est et est fuga sed hic consectetur est iusto. Ea nulla maiores voluptas nisi et aut voluptas.', 21, 3, '2020-03-27 18:44:53', '2020-03-27 18:44:53'),
(268, 'Id maxime fuga debitis facilis dolorem qui. Voluptatem esse voluptas autem alias accusantium. Eum labore laborum inventore distinctio nam voluptatem nostrum.', 21, 5, '2020-03-27 18:44:53', '2020-03-27 18:44:53'),
(269, 'Aut at ea nisi. In eos eligendi hic et porro ipsum. Distinctio quidem et occaecati omnis. Voluptatum distinctio illo hic modi itaque quae.', 6, 2, '2020-03-27 18:44:53', '2020-03-27 18:44:53'),
(270, 'Et voluptate aut deserunt quos eos dolore rerum. Incidunt dolores incidunt et incidunt excepturi aut ratione sint. Quia tempora cumque molestias sit dicta deleniti. Voluptas aut et rerum sint.', 21, 9, '2020-03-27 18:44:53', '2020-03-27 18:44:53'),
(271, 'Laudantium voluptatem impedit laborum eaque iusto temporibus. Ut a voluptatibus natus velit. Quia sit voluptate in quasi voluptatum.', 10, 4, '2020-03-27 18:44:53', '2020-03-27 18:44:53'),
(272, 'Laborum dignissimos dicta voluptatem ex. Labore cupiditate illo ipsum quia quos eum. Dignissimos quia sunt sint quibusdam. Dolores ea voluptas id dolorem.', 50, 3, '2020-03-27 18:44:53', '2020-03-27 18:44:53'),
(273, 'Consequuntur ea doloremque amet asperiores. Esse enim eum est ea delectus.', 4, 4, '2020-03-27 18:44:53', '2020-03-27 18:44:53'),
(274, 'Modi expedita accusantium nihil qui eius facere sint. Omnis enim earum quia placeat pariatur dolor corporis. Ad harum veniam consectetur et. Quia voluptas molestiae non.', 45, 10, '2020-03-27 18:44:53', '2020-03-27 18:44:53'),
(275, 'Illum laudantium sit quasi eos odio. Et sunt nisi numquam nesciunt explicabo architecto. Magni sapiente voluptate necessitatibus expedita aut quasi odio.', 21, 5, '2020-03-27 18:44:53', '2020-03-27 18:44:53'),
(276, 'At aut cupiditate voluptas soluta nulla eum suscipit. Possimus nemo et voluptatem non facere. Inventore dolorum totam voluptatem magnam sit id et.', 34, 9, '2020-03-27 18:44:53', '2020-03-27 18:44:53'),
(277, 'Corporis et animi nulla dolore. Ut officiis ea in velit.', 9, 3, '2020-03-27 18:44:53', '2020-03-27 18:44:53'),
(278, 'Minus placeat officiis aspernatur dignissimos magnam qui sunt a. Ex voluptate rerum et ut voluptatem quis quam. Rerum sunt possimus amet laborum totam illum.', 38, 8, '2020-03-27 18:44:53', '2020-03-27 18:44:53'),
(279, 'Eius quisquam molestiae id quos quam aut est. Consequuntur voluptatem id modi sunt maxime. Nostrum totam natus omnis magnam aut.', 28, 1, '2020-03-27 18:44:53', '2020-03-27 18:44:53'),
(280, 'Aperiam provident maxime ipsa ratione et doloribus. Tenetur quas quia ea suscipit deserunt voluptas officiis. Vel repudiandae similique sunt iste eum eos dicta. Beatae eveniet nihil animi quaerat.', 31, 5, '2020-03-27 18:44:53', '2020-03-27 18:44:53'),
(281, 'Quisquam voluptas molestias optio voluptatem maiores. Non delectus vel et minus qui quia earum cupiditate.', 32, 4, '2020-03-27 18:44:53', '2020-03-27 18:44:53'),
(282, 'Omnis occaecati praesentium ratione at suscipit et ullam. Sit perferendis perspiciatis quia illum cumque aliquid. Et ut voluptatem aut minima sed aliquid.', 14, 3, '2020-03-27 18:44:53', '2020-03-27 18:44:53'),
(283, 'Sunt corporis unde cupiditate iusto voluptatem velit culpa. Quia adipisci sit voluptas ipsam. Et amet hic quia. Consequatur magnam architecto unde architecto aut aut nobis.', 10, 7, '2020-03-27 18:44:53', '2020-03-27 18:44:53'),
(284, 'Vel est voluptatem accusantium cum vero. Quae qui quaerat corrupti sit saepe. Sit voluptas nihil sapiente ex fugiat qui soluta.', 34, 2, '2020-03-27 18:44:53', '2020-03-27 18:44:53'),
(285, 'Facere perspiciatis ex magnam modi id aut. Tenetur facere eos cumque unde. Aut eligendi cupiditate nesciunt exercitationem. Praesentium enim officiis illo magnam commodi cupiditate.', 27, 2, '2020-03-27 18:44:53', '2020-03-27 18:44:53'),
(286, 'Voluptatem explicabo nisi similique eaque. Reprehenderit nam expedita nobis placeat molestias omnis. Fugit voluptas in assumenda culpa.', 40, 3, '2020-03-27 18:44:53', '2020-03-27 18:44:53'),
(287, 'Placeat blanditiis nisi aliquid iusto ipsa doloribus. Odit mollitia vero at voluptatem rerum velit. Assumenda saepe qui repellendus vero nulla officiis repellendus.', 26, 6, '2020-03-27 18:44:53', '2020-03-27 18:44:53'),
(288, 'Dolorum provident dicta temporibus autem qui rerum. Ex aut maiores quidem ea impedit in eius. Accusamus eius non aut ab numquam quia totam.', 6, 10, '2020-03-27 18:44:53', '2020-03-27 18:44:53'),
(289, 'Occaecati hic illum autem. Cum voluptatem inventore est. Ab cum veniam fugit necessitatibus. Et cupiditate et enim placeat est. Et dolorem illo accusamus qui dolorem.', 7, 4, '2020-03-27 18:44:53', '2020-03-27 18:44:53'),
(290, 'Quia qui eligendi voluptatem. Quaerat sequi delectus quos sit. Et occaecati sunt eaque ut. Quidem sed placeat nam quos ducimus. Laboriosam recusandae rerum et consequatur adipisci quia.', 9, 1, '2020-03-27 18:44:53', '2020-03-27 18:44:53'),
(291, 'Expedita fugit possimus dicta dicta ratione. Unde tempora et voluptas accusantium. Quisquam quaerat tempore sunt praesentium ullam vero.', 33, 5, '2020-03-27 18:44:53', '2020-03-27 18:44:53'),
(292, 'Voluptate qui qui amet qui. Sit ut voluptatum cupiditate. Sit exercitationem delectus ex est velit dolores. Molestiae occaecati magni nulla est dolor. Sunt odio maiores incidunt nostrum.', 12, 10, '2020-03-27 18:44:53', '2020-03-27 18:44:53'),
(293, 'Asperiores quod et nisi et. Blanditiis excepturi omnis tempore illum. Libero explicabo enim quis autem ea et. Soluta est dolor sequi esse sit et saepe.', 50, 7, '2020-03-27 18:44:53', '2020-03-27 18:44:53'),
(294, 'Doloremque culpa occaecati et alias minima et deserunt qui. Tempora excepturi ipsa repellendus voluptatem deleniti id sequi. Cupiditate aut non alias harum. Corrupti et cupiditate fugit.', 6, 3, '2020-03-27 18:44:53', '2020-03-27 18:44:53'),
(295, 'Omnis sint aut quidem laudantium alias qui enim. Ut dolor et qui officia vel et et excepturi. Consequatur et non veniam facilis rerum. Dicta ad inventore vel cumque ut eligendi molestiae.', 12, 4, '2020-03-27 18:44:53', '2020-03-27 18:44:53'),
(296, 'Rerum sit iusto ullam dolorem laboriosam aut. Doloremque veritatis recusandae tempora esse perferendis aut qui. Deleniti eaque qui omnis debitis quam.', 12, 5, '2020-03-27 18:44:53', '2020-03-27 18:44:53'),
(297, 'Odit omnis qui nobis in eius perferendis molestiae. Accusamus rerum culpa ullam.', 22, 2, '2020-03-27 18:44:53', '2020-03-27 18:44:53'),
(298, 'Reiciendis voluptas facere excepturi maiores ratione ut id. Sit quia dignissimos consequatur est aut veniam. Dignissimos aut impedit aliquid minus molestiae. Ullam asperiores sunt eos delectus magni.', 47, 8, '2020-03-27 18:44:53', '2020-03-27 18:44:53'),
(299, 'A illo optio neque. Consequatur voluptas veniam doloremque esse enim. Non possimus nulla eligendi eius voluptatem dolores. Corporis sed id officia.', 50, 2, '2020-03-27 18:44:53', '2020-03-27 18:44:53'),
(300, 'Assumenda sit ut similique similique. Provident fuga atque ad enim. In enim ea provident rem.', 45, 7, '2020-03-27 18:44:53', '2020-03-27 18:44:53'),
(301, 'Similique sint sint nostrum alias. Fuga totam est in. Voluptatem dolorem rerum corporis beatae id. Beatae consectetur cumque repellendus distinctio sit laborum odio.', 5, 1, '2020-03-27 18:44:53', '2020-03-27 18:44:53'),
(302, 'Dicta autem asperiores velit sed. Et quaerat natus esse numquam pariatur ea. Explicabo delectus voluptatum repudiandae mollitia quo. Exercitationem non voluptatum pariatur debitis.', 30, 8, '2020-03-27 18:44:53', '2020-03-27 18:44:53'),
(303, 'Quae dolor repudiandae est. Sit distinctio consequatur sunt. Accusamus nemo animi vitae eos laboriosam ea at non. Pariatur fugiat tenetur aut dolores.', 43, 2, '2020-03-27 18:44:53', '2020-03-27 18:44:53'),
(304, 'Perferendis est deleniti voluptas animi ipsum. Eos exercitationem adipisci illum ipsum qui. Ipsam voluptas rerum dolore consequuntur impedit. Repellendus error sit est odit qui ullam maiores.', 2, 5, '2020-03-27 18:44:53', '2020-03-27 18:44:53'),
(305, 'Aliquam sit omnis praesentium. Laboriosam neque et eligendi corrupti minima suscipit rerum impedit. Inventore cupiditate qui eius laudantium.', 30, 6, '2020-03-27 18:44:53', '2020-03-27 18:44:53'),
(306, 'Voluptatem sed debitis qui nisi. Fuga occaecati vel et deleniti praesentium. Distinctio omnis libero aut qui perferendis quo. Modi esse animi sit sit fugiat et dolores.', 20, 5, '2020-03-27 18:44:53', '2020-03-27 18:44:53'),
(307, 'Dolorem maiores earum est omnis tenetur. Atque inventore quis fugiat quo. Similique quis impedit perspiciatis ex. Et assumenda quo facere.', 16, 1, '2020-03-27 18:44:53', '2020-03-27 18:44:53'),
(308, 'Iure labore itaque quia iure amet officiis reiciendis aliquam. Amet ea et veritatis eum possimus cupiditate. Error et nisi ducimus dolor possimus exercitationem magnam.', 36, 7, '2020-03-27 18:44:53', '2020-03-27 18:44:53'),
(309, 'Distinctio ea omnis ea sint non repudiandae sed. Laboriosam neque minima adipisci recusandae veritatis est ut. Maxime officiis explicabo fugiat dicta non. Et tempore ex aut voluptatum.', 44, 9, '2020-03-27 18:44:53', '2020-03-27 18:44:53'),
(310, 'Saepe dolorem voluptate veniam quos perferendis qui. Asperiores commodi sit ut atque. Aliquam sunt recusandae tenetur iste tempore.', 6, 5, '2020-03-27 18:44:53', '2020-03-27 18:44:53'),
(311, 'Dicta ut aperiam voluptatem sit voluptas distinctio iure. Dolor ex tenetur perspiciatis dolores. Eveniet facilis laboriosam et illum. Odit natus qui temporibus est.', 8, 1, '2020-03-27 18:44:53', '2020-03-27 18:44:53'),
(312, 'Suscipit est qui aut ipsam. Et et odit eius necessitatibus at. Autem possimus et recusandae error est aut. Vero qui quam provident molestias aliquid sunt dolor.', 26, 6, '2020-03-27 18:44:53', '2020-03-27 18:44:53'),
(313, 'Tenetur incidunt temporibus numquam dignissimos eos voluptatem et distinctio. Optio minima debitis et in velit consequatur. Reiciendis odio sed sed harum mollitia et.', 17, 6, '2020-03-27 18:44:53', '2020-03-27 18:44:53'),
(314, 'Culpa ad tempora molestiae. Et nam earum ut aspernatur velit ullam. Voluptates consectetur et quibusdam tempore consectetur alias.', 40, 10, '2020-03-27 18:44:53', '2020-03-27 18:44:53'),
(315, 'Praesentium tempora vero officia sint. Veritatis vel quod natus et rerum qui deserunt. Rerum sequi aut impedit pariatur modi eum. Ea architecto doloribus aut.', 50, 5, '2020-03-27 18:44:53', '2020-03-27 18:44:53'),
(316, 'Suscipit eaque quidem molestiae totam eum alias. Est sit enim et molestiae harum. Cupiditate eos nam et voluptas laboriosam enim. Cupiditate magni eum sunt consequatur quasi.', 17, 8, '2020-03-27 18:44:53', '2020-03-27 18:44:53'),
(317, 'Est sequi molestias exercitationem aut odio. Et recusandae aut delectus a tempore. Minima sapiente vel molestiae aliquam quos voluptate.', 25, 7, '2020-03-27 18:44:53', '2020-03-27 18:44:53'),
(318, 'Rem quo eius tempore optio dolorem sed. Consequatur voluptatum quaerat consectetur similique consequatur aut numquam. Ad et eum consequatur et veritatis aut.', 9, 9, '2020-03-27 18:44:53', '2020-03-27 18:44:53'),
(319, 'Itaque architecto animi suscipit laudantium ut. Aliquam atque consequuntur ipsum illo praesentium iure. Illum nemo eligendi deleniti officiis ducimus maxime amet.', 14, 5, '2020-03-27 18:44:53', '2020-03-27 18:44:53'),
(320, 'Incidunt et modi debitis quis ex ut quia. Consequatur veniam qui repudiandae iusto. Corporis voluptatem harum nihil quia sunt illum. Dignissimos labore atque ut fugiat a quas culpa.', 22, 5, '2020-03-27 18:44:53', '2020-03-27 18:44:53'),
(321, 'Dolor quia illo sapiente. Et vel rerum et et non. Commodi tempore velit natus tempore illo quasi autem. Molestias vel optio nesciunt quasi. Neque qui totam quibusdam.', 14, 5, '2020-03-27 18:44:53', '2020-03-27 18:44:53'),
(322, 'Magnam beatae nesciunt voluptate magnam qui et ipsum. Hic vero dolorem voluptatibus voluptas. Maiores quisquam itaque cumque laborum similique perspiciatis.', 1, 6, '2020-03-27 18:44:53', '2020-03-27 18:44:53'),
(323, 'Dolorem quaerat deleniti nisi est. Tempora nemo exercitationem sint velit. Praesentium voluptatem explicabo doloremque amet in et. Qui fuga ea iure.', 47, 1, '2020-03-27 18:44:53', '2020-03-27 18:44:53'),
(324, 'Nemo placeat minus ullam exercitationem suscipit ducimus. Amet vitae eum quisquam voluptatem corrupti tempora rem. Doloribus voluptatem est at vero architecto alias eius.', 43, 6, '2020-03-27 18:44:53', '2020-03-27 18:44:53'),
(325, 'Qui autem et aut in. Odit autem quisquam alias temporibus. At atque commodi maiores est temporibus labore.', 6, 4, '2020-03-27 18:44:53', '2020-03-27 18:44:53'),
(326, 'Ab voluptas quo officiis minima et vitae. Nesciunt qui et temporibus veritatis reiciendis consequatur. Sint corporis officiis doloremque aut consectetur. Omnis accusamus autem maxime pariatur et ea.', 6, 5, '2020-03-27 18:44:53', '2020-03-27 18:44:53'),
(327, 'Molestias rerum corporis repellat pariatur qui. Voluptatem perspiciatis illo ut aut officia. Maxime laborum tempora aut modi suscipit unde sit.', 25, 4, '2020-03-27 18:44:53', '2020-03-27 18:44:53'),
(328, 'Quia est ipsam amet. Nihil voluptatem at est quos recusandae dolore quaerat. Quidem quibusdam fuga ipsam voluptatem aut quas aut dolor. Esse omnis architecto voluptas sit sed.', 34, 4, '2020-03-27 18:44:53', '2020-03-27 18:44:53'),
(329, 'Ratione nemo id repellat esse. Unde sint unde tempore error sint quam laudantium perferendis. A error sed laboriosam iste. Non sunt qui nulla dicta nam omnis molestiae. Minus et consequatur eum.', 47, 5, '2020-03-27 18:44:53', '2020-03-27 18:44:53'),
(330, 'Provident adipisci impedit voluptatem nesciunt. Facere odit itaque sequi tenetur. Impedit ipsa distinctio rerum. Dolores qui totam error aut.', 41, 1, '2020-03-27 18:44:53', '2020-03-27 18:44:53'),
(331, 'Earum dolorum voluptatum iure consectetur. Vel ut adipisci sed culpa quis officia eos. Minima possimus unde perspiciatis numquam sit placeat.', 44, 9, '2020-03-27 18:44:53', '2020-03-27 18:44:53'),
(332, 'Quod iusto ad quod et. In voluptatum esse sit tempore repellendus dolorem. Assumenda architecto voluptate assumenda quaerat reprehenderit et dolore. Dolores beatae qui maxime aut aut esse ut.', 45, 2, '2020-03-27 18:44:53', '2020-03-27 18:44:53'),
(333, 'Qui itaque sint sunt tempora. Aperiam dolorem voluptatem ut pariatur autem. Minima quis et laboriosam.', 28, 6, '2020-03-27 18:44:53', '2020-03-27 18:44:53'),
(334, 'Quos minus nobis magni id et rerum natus. Sunt ducimus cumque error nam hic nostrum atque qui. Culpa accusantium aut impedit rem laboriosam. Animi suscipit ipsam illum expedita.', 41, 3, '2020-03-27 18:44:53', '2020-03-27 18:44:53'),
(335, 'Nobis modi sed atque qui voluptatem enim voluptate. Sed aut nihil modi itaque non. Iste sequi quia qui tenetur esse provident quia eum. Ut incidunt sed expedita id animi eos ipsa.', 2, 1, '2020-03-27 18:44:53', '2020-03-27 18:44:53'),
(336, 'Est adipisci ea laborum enim fugiat ea. Omnis doloribus nostrum aliquid consectetur est ipsa. Dolorem quod dolorum quis est nesciunt commodi. Rem beatae qui accusamus.', 11, 2, '2020-03-27 18:44:53', '2020-03-27 18:44:53'),
(337, 'In vel eaque nemo provident. In blanditiis adipisci autem nemo quasi. Iure aut et et fugit velit earum.', 36, 7, '2020-03-27 18:44:53', '2020-03-27 18:44:53'),
(338, 'In reprehenderit cumque aspernatur laudantium ducimus. Fugit voluptatem quo velit ducimus. Labore in magnam molestias fuga a delectus.', 34, 5, '2020-03-27 18:44:53', '2020-03-27 18:44:53'),
(339, 'Consequatur corrupti quia vero qui. Nihil perspiciatis enim quaerat aperiam. Aut facilis enim cum error a cum natus. Nihil eos aspernatur iste ut.', 10, 6, '2020-03-27 18:44:53', '2020-03-27 18:44:53'),
(340, 'Aut necessitatibus est ut qui. Cupiditate omnis earum distinctio officiis saepe.', 47, 4, '2020-03-27 18:44:53', '2020-03-27 18:44:53'),
(341, 'Magnam et delectus culpa velit. Omnis sit ut iure nulla aut dolores. Enim hic voluptatem sint sed rerum voluptatem saepe.', 9, 7, '2020-03-27 18:44:53', '2020-03-27 18:44:53'),
(342, 'Repellat a sunt voluptatem molestiae. Voluptatibus minus earum adipisci. Ad maiores eius officiis suscipit quo. Voluptatem quo incidunt asperiores similique sed eveniet consectetur.', 41, 2, '2020-03-27 18:44:53', '2020-03-27 18:44:53'),
(343, 'Sit est voluptatum consequatur reprehenderit. Nostrum quaerat quia ex impedit ea ut rerum. Pariatur ut itaque non architecto.', 29, 9, '2020-03-27 18:44:53', '2020-03-27 18:44:53'),
(344, 'Et enim odio magni ut. Dignissimos officiis magnam id atque debitis dolor. Minus id dolore aliquid eveniet voluptas ut animi et. Voluptatem ipsum quia corrupti voluptas deserunt nulla qui rem.', 1, 8, '2020-03-27 18:44:53', '2020-03-27 18:44:53'),
(345, 'Libero eveniet minus temporibus ut totam totam. Unde quaerat pariatur ut reiciendis. Quisquam qui facere illum. Qui et voluptas sit inventore. Et debitis voluptatibus aut facere exercitationem.', 40, 10, '2020-03-27 18:44:53', '2020-03-27 18:44:53'),
(346, 'Quaerat sit nihil culpa quae sit. Dolorem consequatur tempora culpa et doloribus. Sequi ipsam illum corporis. Veritatis et adipisci labore et illum.', 35, 4, '2020-03-27 18:44:53', '2020-03-27 18:44:53'),
(347, 'Temporibus autem et dolor vel magnam inventore quasi. Culpa quisquam reprehenderit minus ut enim. Deserunt nulla ex rerum laboriosam.', 44, 6, '2020-03-27 18:44:53', '2020-03-27 18:44:53'),
(348, 'Quis et dolores veritatis dicta excepturi. Odit ipsum fuga fugit rerum. Repellat magni eum beatae voluptatem dolor sed.', 16, 1, '2020-03-27 18:44:53', '2020-03-27 18:44:53'),
(349, 'Laborum voluptatibus et molestiae eos amet. Ea eos impedit autem tenetur omnis.', 47, 10, '2020-03-27 18:44:53', '2020-03-27 18:44:53'),
(350, 'Doloremque sed blanditiis perferendis rem. Quia aperiam enim sed quisquam nulla dolorum velit voluptas. Quasi et consectetur dolor impedit.', 22, 3, '2020-03-27 18:44:53', '2020-03-27 18:44:53'),
(351, 'Officiis enim nobis fuga iure doloremque autem. Perspiciatis cumque nobis aut sequi.', 20, 6, '2020-03-27 18:44:53', '2020-03-27 18:44:53'),
(352, 'Expedita eveniet officiis cumque sapiente. Molestiae distinctio sunt eaque neque. Sit dolores mollitia quia.', 12, 1, '2020-03-27 18:44:53', '2020-03-27 18:44:53'),
(353, 'In autem reiciendis corrupti repudiandae. Maxime dolores sed consectetur vel rerum. Et quibusdam et qui incidunt iusto repudiandae. Aliquam voluptates omnis explicabo velit.', 22, 9, '2020-03-27 18:44:53', '2020-03-27 18:44:53'),
(354, 'Vitae corporis tempore voluptas accusamus nulla aut. Ut est ut nesciunt sit quia veritatis similique. Culpa non eos repellendus vel sed.', 40, 5, '2020-03-27 18:44:53', '2020-03-27 18:44:53'),
(355, 'Accusantium possimus laudantium sed accusantium quo sint non. Quis voluptatem exercitationem tempora in non possimus iure. Consequatur aliquam itaque ratione tenetur ratione.', 35, 9, '2020-03-27 18:44:53', '2020-03-27 18:44:53'),
(356, 'Eum et qui sit error. Veniam totam iure quae. Vel suscipit doloribus temporibus est qui consequatur. Ducimus blanditiis laborum qui.', 32, 2, '2020-03-27 18:44:53', '2020-03-27 18:44:53'),
(357, 'Iste eum quo non voluptatem consectetur repellendus. Amet ut expedita fuga eius nihil sed labore iure. Culpa sint aut a facilis asperiores.', 43, 6, '2020-03-27 18:44:53', '2020-03-27 18:44:53'),
(358, 'Praesentium ipsam quis hic sit cupiditate est qui et. Et saepe rem optio sit omnis placeat. Illo alias rem quia vitae omnis quo.', 20, 8, '2020-03-27 18:44:53', '2020-03-27 18:44:53'),
(359, 'Quia dolores ipsum tempore architecto doloribus quasi quisquam. Sequi itaque maiores libero. Ratione ut sit inventore non cupiditate iure asperiores. Architecto quos tempora quia eaque aut ab.', 13, 10, '2020-03-27 18:44:53', '2020-03-27 18:44:53'),
(360, 'Animi consequatur doloribus nemo vel fuga. Officia assumenda soluta et autem error sint. Aperiam est quo dolore dolores doloribus numquam reiciendis.', 45, 2, '2020-03-27 18:44:53', '2020-03-27 18:44:53'),
(361, 'Praesentium quia qui incidunt est ab et officia. Tempora aut est earum quasi sit. Eum quae et aperiam eos qui earum aspernatur. Possimus vitae perferendis necessitatibus repellat ut molestiae et.', 14, 10, '2020-03-27 18:44:53', '2020-03-27 18:44:53'),
(362, 'Magni vitae quia saepe debitis. Aut inventore sint corporis facere. Aut neque dolorem sit dolorum ut.', 43, 4, '2020-03-27 18:44:53', '2020-03-27 18:44:53'),
(363, 'Saepe nulla eum et ut nihil. Quia aliquid architecto ducimus nulla quos. Ut aspernatur qui exercitationem est maxime.', 25, 5, '2020-03-27 18:44:53', '2020-03-27 18:44:53'),
(364, 'Sed corporis ipsam animi fugiat. Reprehenderit quibusdam possimus sed similique necessitatibus molestiae facere. Omnis cumque sit quibusdam et totam.', 28, 7, '2020-03-27 18:44:53', '2020-03-27 18:44:53'),
(365, 'Error debitis ratione corporis qui nam. Qui nostrum quia nisi sunt et magni. Assumenda error quod deleniti minima.', 33, 1, '2020-03-27 18:44:53', '2020-03-27 18:44:53'),
(366, 'Aperiam eum delectus nemo est voluptatem quo fuga. Cupiditate autem optio accusamus molestias qui reiciendis. Aut eaque expedita sint eos sed natus.', 28, 9, '2020-03-27 18:44:53', '2020-03-27 18:44:53'),
(367, 'Sed id qui alias ab quis. Veritatis sequi et voluptas aspernatur delectus debitis ratione. Neque similique eligendi ullam veniam. Amet sed dolorem debitis doloribus corporis.', 16, 2, '2020-03-27 18:44:53', '2020-03-27 18:44:53'),
(368, 'Ea reprehenderit sit veniam ad eum adipisci. Quis iusto eum tempore qui est molestias non.', 24, 3, '2020-03-27 18:44:53', '2020-03-27 18:44:53'),
(369, 'Rerum adipisci eum ratione cumque. Distinctio et sit est quas. Molestiae consequuntur asperiores quaerat deserunt dolores nam.', 18, 1, '2020-03-27 18:44:53', '2020-03-27 18:44:53'),
(370, 'Nostrum quod incidunt quae. Ratione sequi a est numquam. Earum repudiandae qui consequatur est cupiditate distinctio. Eos ducimus eligendi dolor enim molestias quos consequatur.', 7, 6, '2020-03-27 18:44:53', '2020-03-27 18:44:53'),
(371, 'Iste libero neque aut. Eos iure esse saepe mollitia. Enim omnis labore sed velit quam corrupti non.', 13, 1, '2020-03-27 18:44:53', '2020-03-27 18:44:53'),
(372, 'Nesciunt sapiente illum et. Quaerat at blanditiis veniam consequatur illum. Ut consequuntur voluptatem odit nostrum.', 50, 2, '2020-03-27 18:44:53', '2020-03-27 18:44:53'),
(373, 'Suscipit libero quas velit quis. Voluptatem harum debitis unde error. Officia mollitia cupiditate ut nihil. Consequatur libero culpa ut non.', 24, 5, '2020-03-27 18:44:53', '2020-03-27 18:44:53'),
(374, 'Vel sapiente facilis blanditiis sed aut. Ad nesciunt quo consequuntur aut eveniet maxime consequatur. In sit et rem aspernatur magnam libero.', 45, 10, '2020-03-27 18:44:53', '2020-03-27 18:44:53'),
(375, 'Aut explicabo est voluptatem consequatur. Et et esse ea neque quaerat necessitatibus. Impedit quibusdam facilis est qui eos.', 39, 6, '2020-03-27 18:44:53', '2020-03-27 18:44:53'),
(376, 'Rerum quia ut id omnis ad velit ea est. Omnis facere unde sequi omnis vitae. Excepturi sint omnis illum a. Placeat dolor expedita rerum sed.', 36, 10, '2020-03-27 18:44:53', '2020-03-27 18:44:53'),
(377, 'Pariatur quo sit et debitis ducimus ab architecto. Explicabo non facilis omnis et non sunt modi. Amet consectetur sed rem optio quibusdam. Possimus iste quia placeat tempore.', 35, 7, '2020-03-27 18:44:53', '2020-03-27 18:44:53'),
(378, 'Aut numquam quaerat voluptatem debitis. Debitis quo fugiat amet adipisci. Quasi est quia doloremque incidunt cupiditate vero.', 36, 1, '2020-03-27 18:44:53', '2020-03-27 18:44:53'),
(379, 'Et dolor ea illum veniam impedit eum. In et delectus sit ipsum voluptates ducimus nobis. Dolor rerum est eaque est delectus et sed. Dicta sequi et repudiandae quibusdam nostrum repudiandae.', 29, 5, '2020-03-27 18:44:53', '2020-03-27 18:44:53'),
(380, 'Quod veniam et hic placeat. Id unde repellendus ipsam vel voluptatem. Aperiam porro distinctio fugit ut.', 25, 9, '2020-03-27 18:44:53', '2020-03-27 18:44:53'),
(381, 'Reprehenderit molestias dolorem officia quis. Et sequi eaque provident similique. Ea quam quae et. Vero ut consequatur voluptas minima.', 5, 4, '2020-03-27 18:44:53', '2020-03-27 18:44:53'),
(382, 'Omnis itaque quo ipsa velit unde. Voluptate molestiae consequuntur ab. Repellendus quo quia ut illum aut vel ut.', 8, 6, '2020-03-27 18:44:53', '2020-03-27 18:44:53'),
(383, 'Officia aut dicta officiis sequi fugiat eaque quam voluptas. Perspiciatis veritatis delectus quibusdam atque. Laborum voluptatibus aspernatur consequatur molestiae veniam tenetur.', 23, 3, '2020-03-27 18:44:53', '2020-03-27 18:44:53'),
(384, 'Fuga facilis optio et aspernatur. Est et porro architecto et tenetur doloribus laudantium ex.', 17, 6, '2020-03-27 18:44:53', '2020-03-27 18:44:53'),
(385, 'Pariatur maxime esse expedita perspiciatis. Rem ab architecto laudantium laudantium maxime. Vel aut qui ad aperiam ipsam. Sed aut qui ut repudiandae debitis cumque inventore.', 24, 6, '2020-03-27 18:44:53', '2020-03-27 18:44:53'),
(386, 'Et incidunt facilis optio et enim. Sapiente architecto quia eveniet vitae quia asperiores. Odio temporibus alias facilis commodi eligendi.', 7, 5, '2020-03-27 18:44:53', '2020-03-27 18:44:53'),
(387, 'Aut et ex consequuntur laborum quam. Omnis nam mollitia ut quis. Dicta illo et voluptatum.', 18, 4, '2020-03-27 18:44:53', '2020-03-27 18:44:53'),
(388, 'Ut eos quia est quisquam magnam iste reprehenderit eius. Molestiae minima et exercitationem saepe qui. Sit molestiae autem modi iste repudiandae provident.', 21, 7, '2020-03-27 18:44:53', '2020-03-27 18:44:53'),
(389, 'Sequi quae quisquam explicabo facere quasi nemo. Sequi tempore dignissimos illum ut qui illum voluptates. Recusandae nam hic sed facere fugit. Omnis ea numquam non.', 5, 2, '2020-03-27 18:44:53', '2020-03-27 18:44:53'),
(390, 'Accusamus qui blanditiis voluptatem accusantium quo magnam. Necessitatibus sit in ipsum nemo id. Velit excepturi maxime consequatur et reiciendis aut. Consequatur a vero iusto aut et.', 33, 5, '2020-03-27 18:44:53', '2020-03-27 18:44:53'),
(391, 'Aut ipsum expedita ipsum occaecati. Qui amet optio ad ex non ut. Quia mollitia nulla iste. Exercitationem explicabo accusamus non consectetur.', 6, 3, '2020-03-27 18:44:53', '2020-03-27 18:44:53'),
(392, 'Repellendus reiciendis ut doloremque. Eligendi at eius qui nemo tenetur omnis. Deserunt id molestiae fugiat et. Tempora ipsum soluta in blanditiis.', 42, 1, '2020-03-27 18:44:53', '2020-03-27 18:44:53'),
(393, 'Voluptatem voluptatem corrupti qui pariatur et. Sunt qui modi iusto nobis non possimus. Ut eveniet et nam eum aut harum.', 34, 9, '2020-03-27 18:44:53', '2020-03-27 18:44:53'),
(394, 'Quia in impedit est ut voluptas consequatur. Earum est iusto reprehenderit sed facilis.', 38, 8, '2020-03-27 18:44:53', '2020-03-27 18:44:53'),
(395, 'Laudantium dolorem magni omnis ut sed rem. Rerum aut quidem similique.', 35, 8, '2020-03-27 18:44:53', '2020-03-27 18:44:53'),
(396, 'Qui dolores aut unde aut. Qui reprehenderit et consequuntur dolores perferendis in. Dolorem adipisci ea culpa molestiae occaecati vel dolorem. Eligendi non vero voluptas.', 31, 6, '2020-03-27 18:44:53', '2020-03-27 18:44:53'),
(397, 'Doloribus sit et enim enim nulla aspernatur consectetur voluptas. Odit enim sunt qui sed. Et eaque voluptate occaecati dolorem et sed facilis sint. Ut maiores expedita voluptas odit architecto.', 36, 2, '2020-03-27 18:44:53', '2020-03-27 18:44:53'),
(398, 'Est nobis possimus error dolorem dolores. Quibusdam asperiores quibusdam consequatur ratione qui. Non est animi veritatis officiis maxime impedit molestiae. Dolores tempora voluptatem aspernatur aut.', 48, 10, '2020-03-27 18:44:53', '2020-03-27 18:44:53'),
(399, 'Sit distinctio beatae sapiente iure voluptatum inventore sunt. Aperiam doloremque non officia expedita eos et aut. A illum vel illum quia eum adipisci.', 20, 6, '2020-03-27 18:44:53', '2020-03-27 18:44:53'),
(400, 'Molestias ut commodi ipsum est. Voluptatem consequatur voluptatem consequatur et consectetur qui qui. Nisi esse quis ea et.', 29, 2, '2020-03-27 18:44:53', '2020-03-27 18:44:53'),
(401, 'Voluptas a minus hic consequuntur. Nobis et eos quam inventore. Quia atque dolores voluptates culpa.', 18, 6, '2020-03-27 18:44:53', '2020-03-27 18:44:53'),
(402, 'Enim et earum cupiditate eos blanditiis cum qui et. In ea enim sed rem aut nisi alias. Labore nemo molestiae dolores. Illum voluptas omnis voluptatem vitae et facilis.', 3, 10, '2020-03-27 18:44:53', '2020-03-27 18:44:53'),
(403, 'Doloribus eligendi omnis voluptates sint nisi et. Facilis porro totam temporibus eius est. Molestiae culpa ut et qui nostrum a aperiam.', 1, 5, '2020-03-27 18:44:53', '2020-03-27 18:44:53'),
(404, 'Qui sapiente tempore id unde voluptas modi omnis atque. Culpa esse ipsa magni recusandae voluptate qui tempora. Ut animi natus dolore occaecati hic voluptatem placeat.', 36, 9, '2020-03-27 18:44:53', '2020-03-27 18:44:53'),
(405, 'Dolorem dignissimos quo culpa ad. Libero in amet cumque ex accusantium labore. Aliquam tempore dolorem rerum adipisci id occaecati.', 38, 3, '2020-03-27 18:44:53', '2020-03-27 18:44:53'),
(406, 'Dolore porro repudiandae dicta explicabo maxime doloribus. Aperiam quam sit dolorum cupiditate. Facere perspiciatis dolores atque aliquid.', 1, 5, '2020-03-27 18:44:53', '2020-03-27 18:44:53'),
(407, 'Ipsam voluptas reprehenderit possimus cumque. Aut porro soluta totam aspernatur. Ducimus nesciunt commodi autem.', 22, 8, '2020-03-27 18:44:53', '2020-03-27 18:44:53'),
(408, 'Ut aut quo magni amet. Deleniti ea non aperiam nihil hic quas eum. Nobis esse aut fugit qui.', 21, 1, '2020-03-27 18:44:53', '2020-03-27 18:44:53'),
(409, 'In explicabo sit fugit omnis quia veritatis illum natus. Minima labore sit iste. Voluptatem quia aut et eum.', 22, 7, '2020-03-27 18:44:53', '2020-03-27 18:44:53'),
(410, 'Et quo sed alias ut molestiae architecto quos. Eaque ea maxime eius nesciunt quos. Facilis libero sed optio distinctio unde.', 32, 3, '2020-03-27 18:44:53', '2020-03-27 18:44:53'),
(411, 'Qui esse corrupti molestias earum accusantium sit voluptatem. Quas sunt nobis voluptas non. Ex nihil nam sed culpa. Aut ut laboriosam molestiae aliquid.', 3, 10, '2020-03-27 18:44:53', '2020-03-27 18:44:53'),
(412, 'Reiciendis ut qui omnis voluptas. Iste minus aut sed aliquid dolorem possimus ex. Et perspiciatis tenetur delectus. Non beatae ipsam porro quo. Possimus cumque eum enim consequuntur.', 23, 8, '2020-03-27 18:44:53', '2020-03-27 18:44:53'),
(413, 'Sunt et voluptates culpa. Cum consequatur enim vero qui. Est aliquid ex sint sunt doloribus omnis ad. Ut voluptates occaecati qui consequatur odio ut quis cum.', 37, 2, '2020-03-27 18:44:53', '2020-03-27 18:44:53'),
(414, 'Rerum quis non aliquid. Voluptas esse rem possimus labore eligendi. Eum sed aperiam iste eligendi dolor aut. Est veritatis inventore sit tempore veritatis.', 49, 7, '2020-03-27 18:44:53', '2020-03-27 18:44:53'),
(415, 'Quis quo mollitia eum voluptatibus. Et sit ducimus est vel. Dolorum qui delectus nihil.', 23, 3, '2020-03-27 18:44:53', '2020-03-27 18:44:53'),
(416, 'Voluptas dolorum quia dolorum nesciunt. Ut illo non dicta. Harum enim commodi consectetur.', 3, 9, '2020-03-27 18:44:53', '2020-03-27 18:44:53'),
(417, 'Cumque assumenda voluptas maxime repellendus labore. Possimus eaque beatae et quo adipisci quibusdam corrupti. Est quidem qui dolor rerum. Omnis ut itaque beatae facilis iure.', 16, 8, '2020-03-27 18:44:53', '2020-03-27 18:44:53'),
(418, 'Quia qui corrupti eveniet dolor consequatur. Ut rerum maxime adipisci porro eligendi et. Expedita recusandae debitis aliquid. Illum accusantium sed officiis quod.', 21, 10, '2020-03-27 18:44:53', '2020-03-27 18:44:53'),
(419, 'Molestiae sequi voluptate ea laborum. Voluptas voluptatem et quas nemo. Est sint mollitia aut sint fuga.', 29, 10, '2020-03-27 18:44:53', '2020-03-27 18:44:53'),
(420, 'Explicabo illo natus voluptatem nobis ad deleniti. Ullam aut dolores rerum velit dignissimos. Nobis dolorem dolorem fugit est molestias id.', 11, 9, '2020-03-27 18:44:53', '2020-03-27 18:44:53'),
(421, 'Unde iusto unde sunt qui praesentium eius. Quidem et temporibus temporibus quia. Dicta mollitia non voluptas quae aut. Quidem laboriosam deserunt inventore.', 44, 4, '2020-03-27 18:44:53', '2020-03-27 18:44:53'),
(422, 'Veniam fugit quae eaque consequatur architecto quod. Accusamus eaque quaerat quia qui qui necessitatibus. Quasi debitis hic ea in unde maiores ut. Enim et aliquam et magnam maxime accusantium.', 49, 9, '2020-03-27 18:44:53', '2020-03-27 18:44:53'),
(423, 'Tenetur dolor qui rerum vero enim ratione. Velit enim ut aliquid natus eos. Aliquid autem est sint ut minima. Vel vel perferendis dolores quis. Rerum quis error aut nemo earum nobis.', 16, 3, '2020-03-27 18:44:53', '2020-03-27 18:44:53'),
(424, 'Ut molestiae qui odit deleniti maiores atque. Animi dolorem officia qui iste omnis voluptas architecto. Tenetur enim quo quaerat. Accusantium aliquid est ut quae vel quidem consectetur.', 2, 3, '2020-03-27 18:44:53', '2020-03-27 18:44:53'),
(425, 'Quia qui vitae ut amet. Quia illum eaque magnam numquam inventore sit. Nobis vel quos voluptatem rerum ut. Perspiciatis et distinctio voluptas corporis in provident voluptatem.', 7, 7, '2020-03-27 18:44:53', '2020-03-27 18:44:53'),
(426, 'Ipsa quo et magni. Autem commodi ad doloribus quasi ipsum voluptas. Autem ea quas nihil nobis cumque.', 24, 3, '2020-03-27 18:44:53', '2020-03-27 18:44:53'),
(427, 'Quos et reprehenderit porro quia dolorem cumque maiores possimus. A eius animi adipisci quia sit corrupti provident. Nihil quis aspernatur rerum quo delectus.', 27, 8, '2020-03-27 18:44:53', '2020-03-27 18:44:53'),
(428, 'Sit aut iure ut magnam cumque qui aut. At voluptas porro repellat nesciunt.', 34, 7, '2020-03-27 18:44:53', '2020-03-27 18:44:53'),
(429, 'Ad voluptas facilis voluptatem totam odio. Tenetur excepturi assumenda repellendus quia dignissimos iure sed. In eius minus accusantium quia molestiae ut.', 23, 8, '2020-03-27 18:44:53', '2020-03-27 18:44:53'),
(430, 'Impedit recusandae aliquid aperiam dolorem aut. Illo qui asperiores corporis quia. Enim consequatur voluptas dolor qui. Vel cum consequatur cum ut.', 13, 1, '2020-03-27 18:44:53', '2020-03-27 18:44:53'),
(431, 'Ea ducimus excepturi distinctio beatae expedita. Tempora dolorem quo ipsum facere voluptatem. Doloribus neque eos et modi tenetur et velit non. In et molestiae et molestiae tenetur.', 37, 5, '2020-03-27 18:44:53', '2020-03-27 18:44:53'),
(432, 'Ipsa aut quaerat rerum architecto porro et qui alias. Blanditiis rerum delectus ipsam autem. Nihil placeat sunt sit iure sint itaque. Animi natus rem omnis praesentium voluptatem explicabo est dolor.', 7, 7, '2020-03-27 18:44:53', '2020-03-27 18:44:53'),
(433, 'Et qui cupiditate unde quas occaecati rem. Consectetur voluptatibus similique ut et. Aut iure enim aspernatur et aut repellendus. Veritatis totam veniam et rerum sed omnis. Ut cupiditate nam illo.', 27, 9, '2020-03-27 18:44:53', '2020-03-27 18:44:53'),
(434, 'Consequatur sunt facilis illo amet rerum nesciunt veritatis. Eos cum iure dicta neque voluptatibus est. Facilis non repellendus quia architecto. Animi sed eos aliquid aspernatur fugiat sint cum.', 32, 1, '2020-03-27 18:44:53', '2020-03-27 18:44:53'),
(435, 'Aut sapiente similique fuga voluptatum magnam non. Non magnam ab expedita est vel necessitatibus. Amet culpa accusantium et molestias cum vitae voluptatem. Quis laudantium velit ea.', 30, 10, '2020-03-27 18:44:53', '2020-03-27 18:44:53'),
(436, 'At asperiores recusandae earum voluptatibus illum. Et cupiditate pariatur numquam velit nemo voluptas quod et. Eaque dolor similique quo.', 43, 6, '2020-03-27 18:44:53', '2020-03-27 18:44:53'),
(437, 'Et aliquam ipsam sit. Maxime non itaque excepturi et. Quaerat blanditiis perferendis consequuntur nobis officia.', 45, 8, '2020-03-27 18:44:53', '2020-03-27 18:44:53'),
(438, 'Error illo velit nihil velit eum sunt. Aspernatur voluptatem fugiat saepe. A et soluta quasi ut rerum accusantium aliquid.', 25, 8, '2020-03-27 18:44:53', '2020-03-27 18:44:53'),
(439, 'Aliquam commodi ducimus nesciunt eum. Error id et voluptas eos non quae doloremque. Rerum aut omnis sint dolor aperiam ipsa asperiores. Ipsam quia autem iste voluptas.', 20, 2, '2020-03-27 18:44:53', '2020-03-27 18:44:53'),
(440, 'Similique sint a vel et excepturi. Similique molestiae quo excepturi veniam. Voluptatum animi molestiae quasi est dolores necessitatibus. Veritatis eius ratione placeat nisi et.', 22, 3, '2020-03-27 18:44:53', '2020-03-27 18:44:53'),
(441, 'Temporibus qui sunt occaecati nobis. Velit sit culpa delectus perspiciatis possimus voluptates est perspiciatis.', 50, 1, '2020-03-27 18:44:53', '2020-03-27 18:44:53'),
(442, 'Veniam delectus animi iure vitae. Qui exercitationem dignissimos hic odit porro maiores quibusdam. Et quia omnis deleniti sint quo.', 26, 6, '2020-03-27 18:44:53', '2020-03-27 18:44:53'),
(443, 'Debitis voluptatibus et officiis sequi unde. Aut quo dolorem ratione et. Dicta voluptatem officia vero quidem sequi.', 12, 5, '2020-03-27 18:44:53', '2020-03-27 18:44:53'),
(444, 'Magni optio voluptatem beatae sit. Qui omnis nam dolorum quod. Maxime aut est sunt perferendis pariatur beatae. Occaecati temporibus vero aperiam asperiores omnis ut.', 15, 9, '2020-03-27 18:44:53', '2020-03-27 18:44:53'),
(445, 'Voluptatem non odio odit est recusandae et vel. Ex id ut blanditiis consequuntur dignissimos ipsum doloribus. Sed esse et aut exercitationem nobis sit. Reprehenderit aperiam ut inventore aut.', 10, 5, '2020-03-27 18:44:53', '2020-03-27 18:44:53'),
(446, 'Dolor deleniti ex rerum. Earum fugiat quasi deleniti ut et. Ut velit qui quisquam exercitationem recusandae quidem.', 46, 8, '2020-03-27 18:44:53', '2020-03-27 18:44:53'),
(447, 'Corrupti accusamus dignissimos et autem adipisci. Ut fugit est mollitia labore dolorem quia. Architecto tempore nihil et numquam ipsam. Exercitationem deserunt temporibus natus rerum voluptas.', 35, 9, '2020-03-27 18:44:53', '2020-03-27 18:44:53'),
(448, 'Sit explicabo rerum labore quasi provident maiores atque consequatur. Tempora explicabo aliquid sit libero dolores ut. Quod fugiat quasi quibusdam vero illo. Beatae natus labore qui.', 26, 5, '2020-03-27 18:44:53', '2020-03-27 18:44:53'),
(449, 'Nihil culpa quas sunt quae qui voluptates rerum nisi. Sunt officiis eum unde non rem. Reprehenderit aut est repellat architecto.', 38, 3, '2020-03-27 18:44:53', '2020-03-27 18:44:53'),
(450, 'Officia voluptatem mollitia praesentium excepturi. Consectetur enim et voluptas non dolores officia modi. Hic ducimus similique et praesentium.', 50, 9, '2020-03-27 18:44:53', '2020-03-27 18:44:53'),
(451, 'In et amet natus ut facilis provident. Sed perferendis sint doloremque minus. Voluptates eos et temporibus vel.', 35, 7, '2020-03-27 18:44:53', '2020-03-27 18:44:53'),
(452, 'Et dolorem consequatur temporibus reiciendis dolorem quisquam ea. Totam ex odio dolores incidunt expedita nihil. Et aut sit sed.', 9, 1, '2020-03-27 18:44:53', '2020-03-27 18:44:53'),
(453, 'Dignissimos delectus veniam nulla est vitae. Minus ipsum provident aspernatur officia. Velit dolorem quos dicta. Harum aspernatur modi odio non cumque.', 7, 10, '2020-03-27 18:44:53', '2020-03-27 18:44:53'),
(454, 'Voluptatem consequuntur enim voluptas ab ducimus. Inventore nam ullam eum magnam et itaque ipsa. Sed quo et et aut repellendus ut.', 30, 7, '2020-03-27 18:44:53', '2020-03-27 18:44:53'),
(455, 'Dolorem quos et qui ex dolorum. Ratione dolorem quasi quia fugit enim. Unde corporis nam id quas porro omnis quia. Occaecati enim eum assumenda et qui aut.', 16, 9, '2020-03-27 18:44:53', '2020-03-27 18:44:53'),
(456, 'Odit vel nisi dolor sit aliquid. Consectetur ipsa voluptatem et quam earum adipisci accusantium. Deleniti est est modi commodi quia.', 12, 7, '2020-03-27 18:44:53', '2020-03-27 18:44:53'),
(457, 'Fuga praesentium iure accusantium expedita ut. Quasi accusantium ea blanditiis reprehenderit. Inventore deserunt aut molestiae sequi rerum quas modi.', 10, 3, '2020-03-27 18:44:53', '2020-03-27 18:44:53'),
(458, 'Ad quaerat enim dolor voluptatem soluta quod. Dolores illum voluptates sed tempore natus sint. Dolor itaque rerum est voluptate ad.', 33, 7, '2020-03-27 18:44:53', '2020-03-27 18:44:53'),
(459, 'Ullam aut hic quaerat eum assumenda tempore repellat. Est sequi atque in saepe ducimus. A rerum dicta eum sapiente.', 33, 7, '2020-03-27 18:44:53', '2020-03-27 18:44:53'),
(460, 'Et aut maiores enim sint sed voluptate. Nostrum quis eos excepturi ut enim. Alias dolores molestias ex eos autem. Odio molestias sit quis esse. Ut quis reprehenderit enim officiis saepe.', 17, 9, '2020-03-27 18:44:53', '2020-03-27 18:44:53'),
(461, 'Nihil provident qui nulla non. In culpa id nihil veniam tempora. Dolor rerum corrupti consequuntur.', 15, 2, '2020-03-27 18:44:53', '2020-03-27 18:44:53'),
(462, 'Ut sequi ipsum ex est. Libero sed incidunt et non corporis est quia corrupti. Voluptates assumenda aut ab.', 45, 1, '2020-03-27 18:44:53', '2020-03-27 18:44:53'),
(463, 'Pariatur ab provident mollitia autem. Est reiciendis qui sint optio. Rerum dignissimos eligendi architecto itaque accusamus laudantium. Magni suscipit et aliquid dolorem.', 43, 2, '2020-03-27 18:44:53', '2020-03-27 18:44:53'),
(464, 'Quae et saepe aut nihil sunt molestias. Aspernatur et laborum autem voluptates minima laborum sit.', 8, 10, '2020-03-27 18:44:53', '2020-03-27 18:44:53'),
(465, 'Laboriosam sint ab suscipit harum tempore. Dicta qui repellat corporis voluptatibus. Ullam unde dolores nemo qui quos aut.', 50, 10, '2020-03-27 18:44:53', '2020-03-27 18:44:53'),
(466, 'Minima nulla reprehenderit rerum et. Aliquam itaque possimus pariatur ut alias eum. Rerum consequatur eligendi quia eligendi alias eaque.', 17, 7, '2020-03-27 18:44:53', '2020-03-27 18:44:53'),
(467, 'Incidunt sit corporis minima alias incidunt nesciunt ex. Alias aliquid dolor sint iusto. Dolorem aut sit architecto vero aut.', 49, 10, '2020-03-27 18:44:53', '2020-03-27 18:44:53'),
(468, 'Odit id et iure et voluptatem. Voluptatem veritatis ut ut quo facilis quam vitae. Ullam excepturi est officiis sit repudiandae eum ipsa.', 20, 3, '2020-03-27 18:44:53', '2020-03-27 18:44:53'),
(469, 'Voluptatem et dolor facere magnam quidem consectetur ea. Fuga tempora temporibus sint aliquid iure. Quaerat autem porro nam sunt et. Eaque error quo facilis reiciendis ut ut quae.', 6, 6, '2020-03-27 18:44:53', '2020-03-27 18:44:53'),
(470, 'Qui aut aspernatur officia. Libero vel non ut ipsa adipisci. Qui blanditiis distinctio nisi et cumque quia.', 50, 10, '2020-03-27 18:44:53', '2020-03-27 18:44:53'),
(471, 'Quod iste qui vero laudantium quisquam mollitia. Cupiditate numquam ex dolore voluptatem est. Ea ducimus dolorem et debitis et. Voluptatem est quos occaecati voluptatem nihil doloribus eos vitae.', 14, 3, '2020-03-27 18:44:53', '2020-03-27 18:44:53'),
(472, 'Aut magnam consectetur blanditiis suscipit et sapiente repellendus. Rerum cumque possimus ut non. Ex et veritatis voluptate soluta.', 19, 8, '2020-03-27 18:44:53', '2020-03-27 18:44:53'),
(473, 'A porro voluptate nihil voluptatum voluptas consequatur quae. Ut ipsum et odio. Voluptas aspernatur et quod. Et et error eum et et animi.', 50, 7, '2020-03-27 18:44:53', '2020-03-27 18:44:53'),
(474, 'Dolorum voluptas sequi nam omnis. Sit quo iusto aut sint veritatis. Consequatur deserunt eos non et suscipit sint saepe.', 9, 5, '2020-03-27 18:44:53', '2020-03-27 18:44:53'),
(475, 'Et accusantium tenetur est id est. Et eos aliquam vero quia. Consequatur sequi voluptate consectetur ad voluptas assumenda vel.', 19, 4, '2020-03-27 18:44:53', '2020-03-27 18:44:53'),
(476, 'Molestiae est culpa totam neque ea cupiditate. Consequatur sit non tempore provident repellendus quia saepe eos. Vel natus necessitatibus voluptatem est sunt animi id et.', 43, 8, '2020-03-27 18:44:53', '2020-03-27 18:44:53'),
(477, 'Maiores maxime autem rerum nulla totam aut. Voluptate dolorem beatae similique iure. Atque ea mollitia expedita.', 10, 5, '2020-03-27 18:44:53', '2020-03-27 18:44:53'),
(478, 'Itaque cum maiores assumenda in. Molestiae quam illo aspernatur corrupti beatae aut. Voluptatum molestiae perferendis nihil. Quam aliquid ut doloremque ratione.', 29, 9, '2020-03-27 18:44:53', '2020-03-27 18:44:53');
INSERT INTO `replies` (`id`, `body`, `question_id`, `user_id`, `created_at`, `updated_at`) VALUES
(479, 'Molestiae quis neque minus. Autem rerum asperiores omnis modi recusandae. Cum voluptas minima iste ratione maiores ratione. Repudiandae quos ratione odit omnis.', 10, 6, '2020-03-27 18:44:53', '2020-03-27 18:44:53'),
(480, 'Delectus ut doloribus et. Alias nihil ut tenetur ut eum. Provident fugiat aut cupiditate. Ad sit nihil ad nostrum deserunt delectus.', 41, 2, '2020-03-27 18:44:53', '2020-03-27 18:44:53'),
(481, 'A illo laborum sunt veniam. Laboriosam porro voluptatem dicta et odit quibusdam. Voluptatem reiciendis soluta eos odit. Quod vitae iusto inventore illum est numquam rem. Autem qui ut modi velit ut.', 8, 1, '2020-03-27 18:44:53', '2020-03-27 18:44:53'),
(482, 'Voluptatum exercitationem et facilis minima error. Sunt temporibus ex repudiandae adipisci quia eos. Molestias ipsum quam accusantium quod cum harum voluptates. Facere tenetur et facere eum.', 13, 2, '2020-03-27 18:44:53', '2020-03-27 18:44:53'),
(483, 'Aspernatur sapiente error accusantium quasi autem. Sapiente aut voluptatem ipsam blanditiis hic nulla. Omnis voluptatibus excepturi similique totam.', 7, 6, '2020-03-27 18:44:53', '2020-03-27 18:44:53'),
(484, 'Quia illum magni autem perspiciatis nulla fugiat est. In commodi sint est fugit nihil. Minima placeat accusamus et architecto ipsum vero et.', 48, 6, '2020-03-27 18:44:53', '2020-03-27 18:44:53'),
(485, 'Quia sint et quia explicabo incidunt. Et in nihil qui nihil et occaecati deleniti. Impedit consequatur quia excepturi recusandae blanditiis soluta. Vel est et voluptatem sed ea non quia.', 10, 6, '2020-03-27 18:44:53', '2020-03-27 18:44:53'),
(486, 'Vero odio minima non porro. Et error quisquam quaerat. A laboriosam enim ut.', 24, 8, '2020-03-27 18:44:53', '2020-03-27 18:44:53'),
(487, 'Assumenda fuga optio et neque ipsa est qui a. Excepturi cum reiciendis quia voluptates quo quis. In nam et iusto delectus cupiditate voluptate ducimus. Dolore iste aut cupiditate hic et est.', 39, 4, '2020-03-27 18:44:53', '2020-03-27 18:44:53'),
(488, 'In quia quis itaque quibusdam eos ex. Animi vitae quam deleniti velit repellendus occaecati ut. Provident saepe voluptatem aut est dolor. Labore qui doloremque similique est maxime minus.', 30, 7, '2020-03-27 18:44:53', '2020-03-27 18:44:53'),
(489, 'Dicta et atque quibusdam sint. Suscipit et harum quibusdam iusto eaque ipsam enim. Provident illum temporibus nesciunt autem. Atque ad ab explicabo labore quia blanditiis.', 47, 4, '2020-03-27 18:44:53', '2020-03-27 18:44:53'),
(490, 'Et nulla quos quia quos qui. Id consequatur dolores neque velit nisi. Libero rem maxime ex et autem. Vero illo aut corrupti quidem nobis exercitationem vel.', 14, 4, '2020-03-27 18:44:53', '2020-03-27 18:44:53'),
(491, 'Quis officiis non sit qui totam iusto dolorum. Odit sit neque veniam et nulla quia dolores. Deleniti omnis consectetur quis eius accusamus dolores. Adipisci omnis sit voluptatem dolores provident at.', 8, 6, '2020-03-27 18:44:53', '2020-03-27 18:44:53'),
(492, 'Laboriosam officia iure quia autem minus odio. Maxime vel qui voluptas quas tempora enim minima. Voluptas pariatur eum vero in sint magnam voluptatem. Aliquid delectus et doloremque reiciendis.', 20, 6, '2020-03-27 18:44:53', '2020-03-27 18:44:53'),
(493, 'Dicta sint blanditiis expedita et. Aliquam quia culpa ducimus pariatur asperiores quae expedita. Qui animi placeat est et nostrum deserunt. Consectetur magni perferendis ex sed.', 22, 7, '2020-03-27 18:44:53', '2020-03-27 18:44:53'),
(494, 'Repellendus tempore cumque deleniti vel modi. Temporibus magni commodi expedita illum nemo nostrum consequatur.', 14, 6, '2020-03-27 18:44:53', '2020-03-27 18:44:53'),
(495, 'Animi aut culpa nulla. Quam maxime dolores recusandae repellat doloremque quia. Quibusdam dolorem nihil omnis suscipit. Molestiae non laborum voluptatem tempore ab.', 40, 2, '2020-03-27 18:44:53', '2020-03-27 18:44:53'),
(496, 'Blanditiis qui ipsum excepturi tenetur optio aut. Eligendi rerum nesciunt laudantium molestiae et. Nihil ratione rerum iste nisi fugit quam repudiandae.', 17, 2, '2020-03-27 18:44:53', '2020-03-27 18:44:53'),
(497, 'Sed necessitatibus repellat consequatur. Animi dolorem dolorem architecto eum libero sit. Repellat dolor libero consectetur deleniti.', 39, 9, '2020-03-27 18:44:53', '2020-03-27 18:44:53'),
(498, 'Distinctio voluptate qui ducimus aut qui numquam odit eos. Asperiores quos qui tenetur quo corporis. Et rem sunt fugiat omnis enim ipsum est. Et tempore maiores sunt.', 45, 3, '2020-03-27 18:44:53', '2020-03-27 18:44:53'),
(499, 'Magnam cumque possimus distinctio rerum animi. Possimus aliquam et illum. Qui dolores est fugiat fuga impedit. Saepe quo facere architecto consequatur placeat sit voluptas.', 14, 8, '2020-03-27 18:44:53', '2020-03-27 18:44:53'),
(500, 'Iste sint eum recusandae officia qui et dignissimos. Id inventore magni id iusto. Nihil dicta saepe recusandae eius quia.', 4, 1, '2020-03-27 18:44:53', '2020-03-27 18:44:53');

-- --------------------------------------------------------

--
-- Table structure for table `roles`
--

CREATE TABLE `roles` (
  `id` int(10) UNSIGNED NOT NULL,
  `name` varchar(255) COLLATE utf8mb4_unicode_ci NOT NULL,
  `created_at` timestamp NULL DEFAULT NULL,
  `updated_at` timestamp NULL DEFAULT NULL
) ENGINE=InnoDB DEFAULT CHARSET=utf8mb4 COLLATE=utf8mb4_unicode_ci;

--
-- Dumping data for table `roles`
--

INSERT INTO `roles` (`id`, `name`, `created_at`, `updated_at`) VALUES
(1, 'admin', '2020-03-27 18:44:49', '2020-03-27 18:44:49'),
(2, 'user', '2020-03-27 18:44:49', '2020-03-27 18:44:49');

-- --------------------------------------------------------

--
-- Table structure for table `users`
--

CREATE TABLE `users` (
  `id` int(10) UNSIGNED NOT NULL,
  `name` varchar(255) COLLATE utf8mb4_unicode_ci NOT NULL,
  `email` varchar(255) COLLATE utf8mb4_unicode_ci NOT NULL,
  `password` varchar(255) COLLATE utf8mb4_unicode_ci NOT NULL,
  `role_id` int(10) UNSIGNED NOT NULL,
  `created_at` timestamp NULL DEFAULT NULL,
  `updated_at` timestamp NULL DEFAULT NULL
) ENGINE=InnoDB DEFAULT CHARSET=utf8mb4 COLLATE=utf8mb4_unicode_ci;

--
-- Dumping data for table `users`
--

INSERT INTO `users` (`id`, `name`, `email`, `password`, `role_id`, `created_at`, `updated_at`) VALUES
(1, 'Miss Margaret Pollich III', 'ptrantow@example.org', '$2y$10$UzgDlQri5pUty/tTz4N/cuEuirAzyqwD0ESIbM5Uzfaf/GaanEKRu', 1, '2020-03-27 18:44:50', '2020-03-27 18:44:50'),
(2, 'Nels Hane', 'loy18@example.com', '$2y$10$Zhv5KJCWX2zv4IhaqtMyde.PBLiA5JQvy641wQKWhY5PSDm7KlwE2', 2, '2020-03-27 18:44:50', '2020-03-27 18:44:50'),
(3, 'Lyla Hill PhD', 'macejkovic.filiberto@example.com', '$2y$10$Zp2johVrw3bWohRM0kFtiuSVlWrq8BjRLVpafA1XtBma16ShJUrE2', 2, '2020-03-27 18:44:50', '2020-03-27 18:44:50'),
(4, 'Zack Schimmel MD', 'elza.emmerich@example.net', '$2y$10$/drRYXpMVniuH1YvTV/FeuoLsgVbzhkAUySgGMWj4QAkpX8N8JRoG', 2, '2020-03-27 18:44:50', '2020-03-27 18:44:50'),
(5, 'Mitchel Effertz', 'abdullah.zboncak@example.net', '$2y$10$uLJ0cKC3BkzUdMOmZQ5IB.kIUmfbo06Y2NPi6A4ilf9qQ6zhT18M2', 2, '2020-03-27 18:44:50', '2020-03-27 18:44:50'),
(6, 'Johanna Franecki', 'zratke@example.com', '$2y$10$C8G3sgfHU8axbEz2ylpCfOsyYp2dgGG6JLSxcuVNXQfgNP5ss8SDe', 2, '2020-03-27 18:44:50', '2020-03-27 18:44:50'),
(7, 'Miss Kitty Fisher', 'jerde.antonio@example.org', '$2y$10$d30NZixo.eRdIQL2pZwGY.jmdDqSNz/bTMGzagDesr0RZucH.JOXG', 2, '2020-03-27 18:44:50', '2020-03-27 18:44:50'),
(8, 'Deonte Farrell', 'adah.dach@example.org', '$2y$10$tYFiuVrP6lDTUogPh5XyM.RTxheKAfFdXDy.././EQn53Ck2M81hu', 2, '2020-03-27 18:44:50', '2020-03-27 18:44:50'),
(9, 'Muhammad Rodriguez', 'imueller@example.net', '$2y$10$CWY.Z0rdU38uSQBqPWKek.F/xCEECLttFCORkDR9OV1/0zkLgj/za', 2, '2020-03-27 18:44:50', '2020-03-27 18:44:50'),
(10, 'Nick Ledner IV', 'melyna.hills@example.org', '$2y$10$pnFMy/ILuuIGhAT1XsmljuRXSvsNgY5.LTDDgXZdq3MqDpsE2ugmi', 2, '2020-03-27 18:44:50', '2020-03-27 18:44:50');

--
-- Indexes for dumped tables
--

--
-- Indexes for table `categories`
--
ALTER TABLE `categories`
  ADD PRIMARY KEY (`id`);

--
-- Indexes for table `failed_jobs`
--
ALTER TABLE `failed_jobs`
  ADD PRIMARY KEY (`id`);

--
-- Indexes for table `migrations`
--
ALTER TABLE `migrations`
  ADD PRIMARY KEY (`id`);

--
-- Indexes for table `questions`
--
ALTER TABLE `questions`
  ADD PRIMARY KEY (`id`),
  ADD KEY `questions_category_id_foreign` (`category_id`),
  ADD KEY `questions_user_id_foreign` (`user_id`);

--
-- Indexes for table `replies`
--
ALTER TABLE `replies`
  ADD PRIMARY KEY (`id`),
  ADD KEY `replies_question_id_foreign` (`question_id`);

--
-- Indexes for table `roles`
--
ALTER TABLE `roles`
  ADD PRIMARY KEY (`id`);

--
-- Indexes for table `users`
--
ALTER TABLE `users`
  ADD PRIMARY KEY (`id`),
  ADD UNIQUE KEY `users_email_unique` (`email`),
  ADD KEY `users_role_id_foreign` (`role_id`);

--
-- AUTO_INCREMENT for dumped tables
--

--
-- AUTO_INCREMENT for table `categories`
--
ALTER TABLE `categories`
  MODIFY `id` int(10) UNSIGNED NOT NULL AUTO_INCREMENT, AUTO_INCREMENT=11;

--
-- AUTO_INCREMENT for table `failed_jobs`
--
ALTER TABLE `failed_jobs`
  MODIFY `id` bigint(20) UNSIGNED NOT NULL AUTO_INCREMENT;

--
-- AUTO_INCREMENT for table `migrations`
--
ALTER TABLE `migrations`
  MODIFY `id` int(10) UNSIGNED NOT NULL AUTO_INCREMENT, AUTO_INCREMENT=7;

--
-- AUTO_INCREMENT for table `questions`
--
ALTER TABLE `questions`
  MODIFY `id` int(10) UNSIGNED NOT NULL AUTO_INCREMENT, AUTO_INCREMENT=52;

--
-- AUTO_INCREMENT for table `replies`
--
ALTER TABLE `replies`
  MODIFY `id` int(10) UNSIGNED NOT NULL AUTO_INCREMENT, AUTO_INCREMENT=501;

--
-- AUTO_INCREMENT for table `roles`
--
ALTER TABLE `roles`
  MODIFY `id` int(10) UNSIGNED NOT NULL AUTO_INCREMENT, AUTO_INCREMENT=3;

--
-- AUTO_INCREMENT for table `users`
--
ALTER TABLE `users`
  MODIFY `id` int(10) UNSIGNED NOT NULL AUTO_INCREMENT, AUTO_INCREMENT=11;

--
-- Constraints for dumped tables
--

--
-- Constraints for table `questions`
--
ALTER TABLE `questions`
  ADD CONSTRAINT `questions_category_id_foreign` FOREIGN KEY (`category_id`) REFERENCES `categories` (`id`) ON DELETE CASCADE,
  ADD CONSTRAINT `questions_user_id_foreign` FOREIGN KEY (`user_id`) REFERENCES `users` (`id`) ON DELETE CASCADE;

--
-- Constraints for table `replies`
--
ALTER TABLE `replies`
  ADD CONSTRAINT `replies_question_id_foreign` FOREIGN KEY (`question_id`) REFERENCES `questions` (`id`) ON DELETE CASCADE;

--
-- Constraints for table `users`
--
ALTER TABLE `users`
  ADD CONSTRAINT `users_role_id_foreign` FOREIGN KEY (`role_id`) REFERENCES `roles` (`id`) ON DELETE CASCADE;
COMMIT;

/*!40101 SET CHARACTER_SET_CLIENT=@OLD_CHARACTER_SET_CLIENT */;
/*!40101 SET CHARACTER_SET_RESULTS=@OLD_CHARACTER_SET_RESULTS */;
/*!40101 SET COLLATION_CONNECTION=@OLD_COLLATION_CONNECTION */;
